REGION,BRANCH,FULL_BRANCH
P,1,0001
X,2,0002
L,3,0003
H,4,0004
F,5,0005
K,6,0006
R,7,0007
D,8,0008
R,9,0009
G,10,0010
K,11,0011
I,12,0012
R,13,0013
G,14,0014
C,15,0015
G,16,0016
M,17,0017
E,18,0018
Q,19,0019
D,20,0020
R,21,0021
G,22,0022
K,23,0023
M,24,0024
F,25,0025
K,26,0026
N,27,0027
F,28,0028
H,29,0029
D,30,0030
L,31,0031
H,32,0032
R,33,0033
G,34,0034
H,35,0035
N,36,0036
A,37,0037
G,38,0038
M,39,0039
D,40,0040
K,41,0041
A,42,0042
A,43,0043
R,44,0044
R,45,0045
F,46,0046
P,47,0047
H,48,0048
R,49,0049
P,50,0050
R,51,0051
M,52,0052
B,53,0053
N,54,0054
K,55,0055
R,56,0056
R,57,0057
C,58,0058
D,59,0059
N,60,0060
K,61,0061
Q,62,0062
D,63,0063
P,64,0064
R,65,0065
G,66,0066
R,67,0067
G,68,0068
G,69,0069
R,70,0070
Q,71,0071
N,72,0072
R,73,0073
H,74,0074
F,75,0075
G,76,0076
H,77,0077
H,78,0078
M,79,0079
Q,80,0080
G,81,0081
L,82,0082
G,83,0083
Q,84,0084
B,85,0085
K,86,0086
A,87,0087
M,88,0088
Q,89,0089
R,90,0090
C,91,0091
F,92,0092
M,93,0093
F,94,0094
K,95,0095
K,96,0096
H,97,0097
J,98,0098
B,99,0099
F,100,0100
G,101,0101
H,102,0102
N,103,0103
F,104,0104
F,105,0105
H,106,0106
F,107,0107
J,108,0108
K,109,0109
R,110,0110
P,111,0111
H,112,0112
B,113,0113
M,114,0114
J,115,0115
I,116,0116
C,117,0117
P,118,0118
M,119,0119
Q,120,0120
L,121,0121
E,122,0122
F,123,0123
M,124,0124
M,125,0125
L,126,0126
L,127,0127
D,128,0128
D,129,0129
J,130,0130
D,131,0131
F,132,0132
F,133,0133
H,134,0134
B,135,0135
H,136,0136
F,137,0137
D,138,0138
I,139,0139
H,140,0140
M,141,0141
G,142,0142
L,143,0143
B,144,0144
A,145,0145
K,146,0146
L,147,0147
K,148,0148
H,149,0149
J,150,0150
H,151,0151
H,152,0152
H,153,0153
B,154,0154
J,155,0155
G,156,0156
M,157,0157
H,158,0158
X,159,0159
D,160,0160
F,161,0161
F,162,0162
L,163,0163
D,164,0164
F,165,0165
Q,166,0166
N,167,0167
N,168,0168
C,169,0169
X,170,0170
X,171,0171
K,172,0172
H,173,0173
X,174,0174
X,175,0175
B,176,0176
R,177,0177
A,178,0178
D,179,0179
L,180,0180
F,181,0181
H,182,0182
L,183,0183
D,184,0184
H,185,0185
E,186,0186
P,187,0187
Q,188,0188
X,189,0189
G,190,0190
M,191,0191
P,192,0192
I,193,0193
B,194,0194
P,195,0195
G,196,0196
H,197,0197
F,198,0198
E,199,0199
D,200,0200
B,201,0201
P,202,0202
M,203,0203
L,204,0204
C,205,0205
S,206,0206
Q,207,0207
Q,208,0208
L,209,0209
L,210,0210
K,211,0211
L,212,0212
L,213,0213
L,214,0214
G,215,0215
P,216,0216
P,217,0217
P,218,0218
P,219,0219
P,220,0220
P,221,0221
P,222,0222
P,223,0223
P,224,0224
P,225,0225
N,226,0226
N,227,0227
B,228,0228
V,229,0229
E,230,0230
C,231,0231
P,232,0232
M,233,0233
A,234,0234
M,235,0235
H,236,0236
N,237,0237
B,238,0238
L,239,0239
P,240,0240
M,241,0241
L,242,0242
L,243,0243
L,244,0244
H,245,0245
M,246,0246
H,247,0247
M,248,0248
L,249,0249
P,250,0250
H,251,0251
P,252,0252
P,253,0253
N,254,0254
A,255,0255
C,256,0256
P,257,0257
P,258,0258
P,259,0259
P,260,0260
E,261,0261
H,262,0262
A,263,0263
A,264,0264
A,265,0265
B,266,0266
M,267,0267
X,268,0268
C,269,0269
C,270,0270
C,271,0271
M,272,0272
M,273,0273
M,274,0274
D,275,0275
M,276,0276
M,277,0277
M,278,0278
N,279,0279
N,280,0280
P,281,0281
L,282,0282
B,283,0283
X,284,0284
J,285,0285
F,286,0286
V,287,0287
U,288,0288
U,289,0289
U,290,0290
U,291,0291
U,292,0292
U,294,0294
U,296,0296
U,297,0297
U,298,0298
U,299,0299
U,300,0300
V,301,0301
I,302,0302
L,303,0303
Q,304,0304
Q,305,0305
L,306,0306
O,307,0307
O,308,0308
O,309,0309
O,310,0310
O,311,0311
U,312,0312
B,314,0314
D,315,0315
I,317,0317
J,318,0318
I,319,0319
E,320,0320
C,321,0321
Q,322,0322
B,323,0323
D,324,0324
G,325,0325
P,326,0326
G,327,0327
K,328,0328
E,329,0329
I,330,0330
X,331,0331
E,332,0332
L,333,0333
H,334,0334
E,335,0335
B,336,0336
F,337,0337
Q,338,0338
I,339,0339
E,340,0340
I,341,0341
D,342,0342
P,343,0343
R,344,0344
E,345,0345
E,346,0346
T,347,0347
T,348,0348
T,349,0349
T,350,0350
T,351,0351
O,352,0352
O,353,0353
F,354,0354
F,355,0355
E,356,0356
J,357,0357
J,358,0358
I,359,0359
K,360,0360
E,361,0361
I,362,0362
N,363,0363
T,364,0364
T,365,0365
T,366,0366
B,367,0367
M,368,0368
V,369,0369
V,370,0370
V,371,0371
V,372,0372
V,374,0374
V,375,0375
E,376,0376
Q,377,0377
E,378,0378
Q,379,0379
Q,382,0382
I,384,0384
I,385,0385
E,386,0386
I,387,0387
V,388,0388
F,389,0389
I,390,0390
V,391,0391
Q,392,0392
Q,393,0393
K,394,0394
Q,395,0395
Q,396,0396
Q,397,0397
Q,398,0398
Q,399,0399
F,401,0401
P,403,0403
B,404,0404
F,405,0405
F,406,0406
F,407,0407
F,408,0408
H,409,0409
H,410,0410
K,411,0411
K,412,0412
E,415,0415
E,416,0416
Q,417,0417
Q,418,0418
E,419,0419
I,420,0420
I,421,0421
I,422,0422
I,423,0423
I,424,0424
I,425,0425
I,426,0426
I,427,0427
I,428,0428
R,429,0429
I,430,0430
E,433,0433
E,434,0434
G,435,0435
Q,437,0437
Q,438,0438
E,439,0439
E,440,0440
E,441,0441
I,442,0442
I,443,0443
I,444,0444
Q,445,0445
O,446,0446
I,447,0447
L,448,0448
J,449,0449
Y,450,0450
U,451,0451
Y,452,0452
Y,453,0453
Y,454,0454
Y,455,0455
V,461,0461
I,501,0501
E,502,0502
J,503,0503
E,504,0504
Q,505,0505
E,506,0506
E,507,0507
R,508,0508
Q,509,0509
I,510,0510
H,511,0511
H,512,0512
G,513,0513
H,514,0514
G,515,0515
R,516,0516
F,517,0517
R,518,0518
K,519,0519
Q,520,0520
Q,521,0521
E,522,0522
I,523,0523
Q,524,0524
I,525,0525
E,526,0526
I,527,0527
E,528,0528
I,529,0529
E,530,0530
I,531,0531
E,532,0532
I,533,0533
I,534,0534
E,535,0535
Q,536,0536
I,537,0537
I,538,0538
Q,539,0539
E,540,0540
E,541,0541
F,542,0542
F,543,0543
F,544,0544
G,545,0545
G,546,0546
H,547,0547
G,548,0548
G,549,0549
R,550,0550
R,551,0551
R,552,0552
K,553,0553
R,554,0554
R,555,0555
M,556,0556
M,557,0557
E,558,0558
H,559,0559
X,560,0560
O,561,0561
P,562,0562
L,563,0563
L,564,0564
L,565,0565
N,566,0566
Q,567,0567
Q,568,0568
Q,569,0569
M,570,0570
M,571,0571
M,572,0572
M,573,0573
M,574,0574
M,575,0575
K,576,0576
R,577,0577
I,578,0578
R,579,0579
K,580,0580
R,581,0581
R,582,0582
K,583,0583
K,584,0584
K,585,0585
K,586,0586
K,587,0587
E,588,0588
R,589,0589
M,590,0590
M,591,0591
Q,592,0592
F,593,0593
I,594,0594
I,595,0595
E,596,0596
I,597,0597
F,598,0598
F,599,0599
F,600,0600
F,601,0601
D,602,0602
J,603,0603
D,604,0604
J,605,0605
D,606,0606
D,607,0607
G,608,0608
G,609,0609
G,610,0610
G,611,0611
H,612,0612
G,613,0613
H,614,0614
C,615,0615
C,616,0616
C,617,0617
X,618,0618
X,619,0619
X,620,0620
X,621,0621
X,622,0622
L,623,0623
L,624,0624
L,625,0625
L,626,0626
L,627,0627
L,628,0628
L,629,0629
L,630,0630
A,631,0631
A,632,0632
B,633,0633
B,634,0634
B,635,0635
B,636,0636
B,637,0637
B,638,0638
B,639,0639
O,640,0640
P,641,0641
P,642,0642
P,643,0643
P,644,0644
P,645,0645
P,646,0646
N,647,0647
N,648,0648
N,649,0649
F,650,0650
I,651,0651
E,652,0652
E,653,0653
F,655,0655
F,656,0656
A,657,0657
B,658,0658
X,659,0659
J,660,0660
G,661,0661
K,662,0662
L,663,0663
P,664,0664
B,665,0665
X,666,0666
C,667,0667
X,668,0668
C,669,0669
D,670,0670
I,671,0671
I,672,0672
F,673,0673
F,674,0674
F,675,0675
G,676,0676
G,677,0677
G,678,0678
H,679,0679
R,680,0680
R,681,0681
K,682,0682
K,683,0683
K,684,0684
M,685,0685
M,686,0686
O,687,0687
N,688,0688
N,689,0689
A,690,0690
A,691,0691
B,692,0692
B,693,0693
B,694,0694
B,695,0695
X,696,0696
D,697,0697
J,698,0698
J,699,0699
F,746,0746
F,747,0747
F,748,0748
F,749,0749
F,750,0750
F,751,0751
F,752,0752
F,753,0753
F,754,0754
F,755,0755
F,756,0756
F,757,0757
F,758,0758
F,759,0759
F,760,0760
F,761,0761
F,762,0762
F,763,0763
F,764,0764
F,765,0765
F,766,0766
F,767,0767
F,768,0768
F,769,0769
F,770,0770
F,771,0771
F,772,0772
F,773,0773
F,774,0774
F,775,0775
F,776,0776
F,777,0777
F,778,0778
F,779,0779
F,780,0780
F,781,0781
F,782,0782
E,783,0783
E,784,0784
E,785,0785
E,786,0786
E,787,0787
E,788,0788
E,789,0789
E,790,0790
E,791,0791
E,792,0792
E,793,0793
I,794,0794
I,795,0795
I,796,0796
I,797,0797
Q,798,0798
I,799,0799
I,800,0800
I,801,0801
Q,802,0802
I,803,0803
I,804,0804
I,805,0805
I,806,0806
I,807,0807
I,808,0808
Q,809,0809
I,810,0810
I,811,0811
Q,812,0812
I,813,0813
E,814,0814
M,815,0815
I,816,0816
Q,817,0817
Q,818,0818
Q,819,0819
Q,820,0820
Q,821,0821
Q,822,0822
Q,823,0823
Q,824,0824
Q,825,0825
Q,826,0826
Q,827,0827
Q,828,0828
Q,829,0829
Q,830,0830
Q,831,0831
Q,832,0832
Q,833,0833
I,834,0834
E,835,0835
E,836,0836
I,837,0837
Q,838,0838
I,839,0839
Q,840,0840
I,841,0841
I,842,0842
I,843,0843
I,844,0844
I,845,0845
I,847,0847
I,848,0848
I,849,0849
U,850,0850
U,851,0851
V,852,0852
Q,853,0853
R,854,0854
X,855,0855
O,856,0856
U,857,0857
U,858,0858
U,859,0859
U,860,0860
I,861,0861
I,862,0862
Q,863,0863
I,864,0864
I,865,0865
Q,866,0866
I,867,0867
I,868,0868
E,869,0869
F,871,0871
R,872,0872
K,873,0873
K,874,0874
K,875,0875
K,876,0876
K,877,0877
K,878,0878
K,879,0879
K,880,0880
K,881,0881
K,882,0882
K,883,0883
F,884,0884
F,885,0885
F,886,0886
F,887,0887
V,888,0888
F,889,0889
F,890,0890
H,891,0891
H,892,0892
F,893,0893
F,894,0894
F,895,0895
F,896,0896
G,897,0897
G,898,0898
G,899,0899
G,900,0900
G,901,0901
H,902,0902
H,903,0903
H,904,0904
H,905,0905
I,906,0906
E,907,0907
I,908,0908
I,909,0909
I,910,0910
I,911,0911
I,912,0912
I,913,0913
I,914,0914
Q,915,0915
Q,916,0916
Q,917,0917
Q,918,0918
Q,919,0919
Q,920,0920
Q,921,0921
I,922,0922
I,923,0923
Q,924,0924
I,925,0925
Q,926,0926
E,927,0927
E,928,0928
E,929,0929
E,930,0930
I,931,0931
I,932,0932
E,933,0933
E,934,0934
I,935,0935
I,936,0936
I,937,0937
I,938,0938
E,939,0939
E,940,0940
E,941,0941
E,942,0942
E,943,0943
E,944,0944
I,945,0945
I,946,0946
I,947,0947
I,948,0948
I,949,0949
I,951,0951
Q,952,0952
I,953,0953
Q,954,0954
E,955,0955
Q,956,0956
Q,957,0957
Q,958,0958
Q,959,0959
Q,962,0962
Q,963,0963
E,964,0964
E,965,0965
E,966,0966
E,967,0967
E,968,0968
E,969,0969
M,970,0970
M,971,0971
M,972,0972
K,973,0973
K,974,0974
K,975,0975
K,976,0976
K,977,0977
G,978,0978
G,979,0979
G,980,0980
G,981,0981
G,982,0982
H,983,0983
M,984,0984
M,985,0985
H,986,0986
H,987,0987
F,988,0988
F,989,0989
F,990,0990
F,991,0991
F,992,0992
I,993,0993
Q,994,0994
I,995,0995
Q,996,0996
E,997,0997
Q,998,0998
D,1001,1001
G,1006,1006
G,1007,1007
H,1008,1008
K,1050,1050
K,1051,1051
A,1052,1052
L,1053,1053
N,1054,1054
H,1055,1055
H,1056,1056
N,1057,1057
G,1058,1058
P,1059,1059
L,1060,1060
G,1061,1061
M,1062,1062
H,1063,1063
H,1064,1064
H,1065,1065
M,1066,1066
M,1067,1067
M,1068,1068
A,1069,1069
F,1070,1070
F,1071,1071
J,1072,1072
P,1073,1073
P,1074,1074
G,1075,1075
N,1076,1076
F,1077,1077
F,1078,1078
X,1079,1079
O,1080,1080
O,1081,1081
O,1082,1082
B,1083,1083
B,1084,1084
B,1085,1085
B,1086,1086
B,1087,1087
B,1088,1088
B,1089,1089
B,1090,1090
B,1091,1091
B,1092,1092
B,1093,1093
B,1094,1094
B,1095,1095
B,1096,1096
B,1097,1097
X,1098,1098
X,1099,1099
D,1100,1100
J,1101,1101
D,1102,1102
D,1103,1103
D,1104,1104
I,1105,1105
Q,1106,1106
F,1107,1107
F,1108,1108
G,1109,1109
G,1110,1110
H,1111,1111
M,1112,1112
L,1113,1113
N,1114,1114
E,1115,1115
Q,1116,1116
E,1117,1117
Q,1118,1118
Q,1119,1119
Q,1120,1120
E,1121,1121
Q,1122,1122
E,1123,1123
I,1124,1124
E,1125,1125
Q,1127,1127
Q,1128,1128
Q,1129,1129
I,1130,1130
I,1131,1131
Q,1132,1132
I,1133,1133
I,1134,1134
L,1136,1136
K,1137,1137
G,1138,1138
F,1139,1139
F,1140,1140
F,1141,1141
L,1142,1142
Q,1143,1143
Q,1144,1144
Q,1145,1145
I,1146,1146
I,1147,1147
E,1148,1148
I,1149,1149
I,1150,1150
I,1151,1151
I,1152,1152
I,1153,1153
B,1154,1154
K,1155,1155
K,1156,1156
K,1157,1157
K,1158,1158
K,1159,1159
K,1160,1160
R,1161,1161
Q,1162,1162
I,1163,1163
Q,1164,1164
I,1165,1165
Q,1166,1166
I,1167,1167
Q,1168,1168
E,1169,1169
I,1170,1170
E,1171,1171
Q,1172,1172
Q,1173,1173
R,1174,1174
R,1175,1175
E,1176,1176
Q,1177,1177
Q,1178,1178
E,1179,1179
I,1180,1180
I,1181,1181
I,1182,1182
E,1183,1183
Q,1184,1184
Q,1185,1185
I,1186,1186
E,1187,1187
E,1188,1188
I,1189,1189
X,1190,1190
E,1191,1191
E,1192,1192
E,1193,1193
E,1194,1194
E,1195,1195
E,1196,1196
K,1197,1197
K,1198,1198
K,1199,1199
E,1200,1200
E,1201,1201
Q,1202,1202
E,1203,1203
Q,1204,1204
E,1205,1205
E,1206,1206
E,1207,1207
E,1208,1208
E,1209,1209
Q,1210,1210
I,1211,1211
E,1212,1212
E,1213,1213
E,1214,1214
E,1215,1215
E,1216,1216
E,1218,1218
E,1219,1219
I,1220,1220
I,1221,1221
I,1222,1222
E,1223,1223
I,1224,1224
I,1225,1225
Q,1226,1226
K,1228,1228
R,1229,1229
R,1230,1230
F,1231,1231
K,1233,1233
Q,1234,1234
E,1235,1235
Q,1236,1236
I,1237,1237
I,1238,1238
I,1239,1239
E,1240,1240
E,1241,1241
E,1242,1242
E,1243,1243
Q,1244,1244
E,1245,1245
E,1246,1246
R,1247,1247
K,1248,1248
I,1249,1249
I,1250,1250
I,1251,1251
E,1252,1252
Q,1253,1253
E,1254,1254
E,1255,1255
E,1256,1256
E,1257,1257
R,1258,1258
R,1259,1259
R,1260,1260
N,1261,1261
I,1262,1262
E,1263,1263
I,1264,1264
Q,1265,1265
Q,1266,1266
E,1267,1267
I,1268,1268
C,1269,1269
G,1270,1270
G,1271,1271
E,1272,1272
Q,1273,1273
E,1274,1274
K,1275,1275
K,1276,1276
Q,1277,1277
Q,1278,1278
G,1279,1279
G,1280,1280
J,1290,1290
N,1291,1291
H,1292,1292
H,1293,1293
H,1294,1294
H,1295,1295
H,1296,1296
H,1297,1297
H,1298,1298
H,1299,1299
L,1300,1300
F,1301,1301
F,1302,1302
F,1303,1303
D,1304,1304
A,1305,1305
H,1306,1306
A,1307,1307
A,1308,1308
A,1309,1309
G,1310,1310
A,1311,1311
A,1312,1312
G,1313,1313
G,1314,1314
G,1315,1315
F,1316,1316
F,1317,1317
F,1318,1318
L,1319,1319
H,1320,1320
F,1321,1321
F,1322,1322
F,1323,1323
F,1324,1324
G,1325,1325
H,1326,1326
H,1327,1327
B,1328,1328
B,1329,1329
B,1330,1330
B,1331,1331
B,1332,1332
B,1333,1333
F,1335,1335
F,1336,1336
F,1337,1337
B,1338,1338
B,1339,1339
B,1340,1340
B,1341,1341
B,1342,1342
B,1343,1343
X,1344,1344
F,1345,1345
F,1346,1346
F,1347,1347
F,1348,1348
F,1349,1349
F,1350,1350
F,1351,1351
F,1352,1352
F,1353,1353
F,1354,1354
F,1355,1355
F,1356,1356
F,1357,1357
G,1359,1359
G,1360,1360
G,1361,1361
G,1362,1362
G,1363,1363
G,1364,1364
G,1365,1365
G,1366,1366
G,1367,1367
G,1368,1368
G,1369,1369
G,1370,1370
G,1371,1371
G,1372,1372
G,1373,1373
G,1374,1374
G,1375,1375
H,1377,1377
H,1378,1378
H,1379,1379
H,1380,1380
H,1381,1381
H,1382,1382
H,1383,1383
H,1384,1384
H,1385,1385
E,1386,1386
Q,1387,1387
E,1388,1388
E,1389,1389
E,1390,1390
E,1391,1391
E,1392,1392
E,1393,1393
E,1394,1394
I,1395,1395
E,1396,1396
E,1397,1397
E,1398,1398
E,1399,1399
I,1400,1400
I,1401,1401
I,1402,1402
I,1403,1403
Q,1404,1404
I,1405,1405
I,1406,1406
I,1407,1407
I,1408,1408
I,1409,1409
I,1410,1410
Q,1411,1411
Q,1412,1412
I,1413,1413
I,1414,1414
I,1415,1415
I,1418,1418
I,1419,1419
I,1420,1420
I,1421,1421
I,1422,1422
I,1423,1423
I,1424,1424
I,1425,1425
Q,1426,1426
E,1427,1427
I,1428,1428
F,1429,1429
F,1430,1430
F,1431,1431
F,1432,1432
F,1433,1433
F,1434,1434
F,1435,1435
P,1436,1436
F,1437,1437
H,1438,1438
Q,1439,1439
H,1440,1440
I,1441,1441
Q,1442,1442
K,1443,1443
E,1444,1444
I,1445,1445
I,1446,1446
G,1447,1447
E,1448,1448
K,1449,1449
F,1450,1450
G,1451,1451
G,1452,1452
G,1453,1453
K,1454,1454
E,1455,1455
E,1456,1456
N,1457,1457
N,1458,1458
N,1459,1459
C,1460,1460
X,1461,1461
X,1462,1462
D,1463,1463
G,1464,1464
G,1465,1465
G,1466,1466
R,1467,1467
R,1468,1468
I,1469,1469
I,1470,1470
D,1471,1471
J,1472,1472
B,1473,1473
N,1474,1474
E,1475,1475
P,1476,1476
I,1477,1477
G,1478,1478
E,1479,1479
E,1480,1480
M,1481,1481
E,1482,1482
I,1483,1483
I,1484,1484
I,1485,1485
I,1486,1486
D,1487,1487
G,1488,1488
H,1489,1489
A,1490,1490
L,1491,1491
E,1492,1492
E,1493,1493
E,1494,1494
Q,1495,1495
Q,1496,1496
R,1497,1497
M,1498,1498
J,1499,1499
D,1500,1500
L,1502,1502
E,1503,1503
I,1504,1504
I,1506,1506
I,1507,1507
I,1510,1510
Q,1511,1511
Q,1512,1512
P,1513,1513
P,1514,1514
X,1515,1515
X,1516,1516
C,1517,1517
C,1518,1518
C,1519,1519
H,1521,1521
H,1522,1522
G,1523,1523
F,1524,1524
L,1525,1525
C,1527,1527
G,1528,1528
G,1529,1529
H,1531,1531
H,1532,1532
H,1533,1533
K,1534,1534
L,1535,1535
M,1536,1536
M,1537,1537
P,1538,1538
A,1539,1539
H,1540,1540
F,1541,1541
B,1542,1542
I,1543,1543
J,1544,1544
F,1545,1545
F,1546,1546
O,1547,1547
P,1548,1548
F,1549,1549
F,1550,1550
F,1551,1551
F,1552,1552
F,1553,1553
P,1554,1554
H,1555,1555
H,1556,1556
H,1557,1557
H,1558,1558
O,1559,1559
O,1560,1560
O,1561,1561
Q,1562,1562
I,1563,1563
F,1564,1564
F,1565,1565
G,1566,1566
M,1567,1567
P,1568,1568
H,1569,1569
X,1570,1570
X,1571,1571
X,1572,1572
L,1574,1574
L,1575,1575
H,1576,1576
H,1577,1577
I,1578,1578
I,1579,1579
Q,1580,1580
Q,1581,1581
M,1582,1582
L,1583,1583
L,1584,1584
B,1585,1585
B,1586,1586
B,1587,1587
G,1588,1588
G,1589,1589
H,1590,1590
H,1591,1591
K,1592,1592
H,1593,1593
H,1594,1594
R,1595,1595
F,1596,1596
A,1597,1597
A,1600,1600
H,1601,1601
X,1602,1602
C,1603,1603
N,1604,1604
N,1605,1605
N,1606,1606
E,1607,1607
Q,1608,1608
Q,1609,1609
H,1610,1610
K,1611,1611
K,1612,1612
G,1613,1613
X,1614,1614
M,1615,1615
Q,1616,1616
Q,1617,1617
Q,1618,1618
X,1619,1619
X,1620,1620
X,1622,1622
I,1623,1623
I,1624,1624
K,1626,1626
L,1627,1627
G,1628,1628
H,1629,1629
H,1630,1630
H,1631,1631
P,1632,1632
F,1633,1633
L,1634,1634
G,1635,1635
K,1636,1636
E,1637,1637
F,1638,1638
H,1639,1639
H,1640,1640
N,1641,1641
O,1642,1642
P,1643,1643
L,1644,1644
F,1645,1645
F,1646,1646
F,1647,1647
N,1648,1648
X,1649,1649
H,1650,1650
Q,1651,1651
L,1652,1652
L,1653,1653
E,1654,1654
E,1655,1655
I,1657,1657
Q,1658,1658
Q,1659,1659
Q,1660,1660
R,1661,1661
R,1662,1662
O,1663,1663
P,1664,1664
P,1665,1665
N,1666,1666
N,1667,1667
J,1668,1668
D,1669,1669
D,1670,1670
J,1671,1671
J,1672,1672
K,1673,1673
Q,1674,1674
P,1675,1675
D,1676,1676
R,1677,1677
A,1678,1678
D,1679,1679
F,1680,1680
H,1681,1681
H,1682,1682
L,1683,1683
L,1684,1684
N,1685,1685
C,1686,1686
H,1687,1687
H,1688,1688
F,1689,1689
F,1690,1690
F,1691,1691
X,1692,1692
R,1693,1693
G,1694,1694
G,1695,1695
M,1696,1696
Q,1697,1697
H,1698,1698
H,1699,1699
L,1700,1700
N,1701,1701
I,1702,1702
F,1703,1703
F,1704,1704
O,1705,1705
B,1706,1706
D,1707,1707
N,1708,1708
P,1709,1709
P,1710,1710
P,1711,1711
L,1712,1712
O,1713,1713
O,1714,1714
J,1715,1715
F,1716,1716
F,1717,1717
R,1718,1718
R,1719,1719
X,1720,1720
Q,1721,1721
K,1722,1722
K,1723,1723
K,1724,1724
K,1725,1725
E,1726,1726
O,1727,1727
M,1728,1728
M,1729,1729
M,1730,1730
I,1731,1731
I,1732,1732
E,1733,1733
J,1734,1734
I,1735,1735
F,1736,1736
B,1737,1737
B,1738,1738
I,1739,1739
E,1740,1740
M,1741,1741
R,1742,1742
K,1744,1744
G,1745,1745
H,1746,1746
E,1747,1747
E,1748,1748
H,1749,1749
H,1750,1750
H,1751,1751
F,1752,1752
H,1753,1753
H,1754,1754
I,1755,1755
I,1756,1756
E,1757,1757
C,1758,1758
S,1759,1759
Q,1760,1760
H,1761,1761
M,1762,1762
M,1763,1763
B,1764,1764
E,1765,1765
B,1766,1766
E,1767,1767
F,1768,1768
I,1769,1769
X,1770,1770
R,1771,1771
B,1772,1772
F,1773,1773
X,1774,1774
I,1775,1775
K,1776,1776
K,1777,1777
K,1778,1778
H,1779,1779
F,1780,1780
F,1781,1781
Q,1782,1782
B,1783,1783
M,1784,1784
S,1785,1785
P,1786,1786
E,1787,1787
L,1788,1788
B,1789,1789
Q,1790,1790
Q,1791,1791
H,1792,1792
F,1793,1793
X,1794,1794
P,1795,1795
M,1796,1796
I,1797,1797
I,1798,1798
I,1799,1799
I,1800,1800
I,1801,1801
I,1802,1802
Q,1803,1803
K,1804,1804
S,1805,1805
L,1806,1806
R,1807,1807
S,1808,1808
F,1809,1809
L,1810,1810
M,1811,1811
Q,1812,1812
B,1813,1813
P,1814,1814
E,1815,1815
M,1816,1816
M,1817,1817
L,1818,1818
L,1819,1819
S,1820,1820
D,1821,1821
I,1822,1822
H,1823,1823
C,1824,1824
Q,1825,1825
X,1826,1826
R,1827,1827
X,1828,1828
R,1829,1829
O,1830,1830
P,1831,1831
J,1832,1832
L,1833,1833
A,1834,1834
M,1835,1835
I,1836,1836
P,1837,1837
P,1838,1838
P,1839,1839
C,1840,1840
X,1841,1841
K,1842,1842
K,1843,1843
I,1844,1844
P,1845,1845
I,1846,1846
I,1847,1847
I,1848,1848
Q,1849,1849
E,1850,1850
F,1851,1851
E,1852,1852
G,1853,1853
R,1854,1854
B,1855,1855
E,1856,1856
I,1857,1857
J,1858,1858
J,1859,1859
M,1860,1860
H,1861,1861
J,1862,1862
D,1863,1863
L,1864,1864
E,1865,1865
F,1866,1866
I,1867,1867
Q,1868,1868
D,1869,1869
K,1870,1870
I,1871,1871
G,1872,1872
I,1873,1873
B,1874,1874
H,1875,1875
N,1876,1876
G,1877,1877
E,1878,1878
R,1879,1879
O,1880,1880
C,1881,1881
B,1882,1882
J,1883,1883
H,1884,1884
H,1885,1885
H,1886,1886
D,1887,1887
R,1888,1888
F,2000,2000
R,2001,2001
M,2002,2002
N,2003,2003
E,2004,2004
I,2005,2005
E,2006,2006
E,2007,2007
I,2008,2008
I,2009,2009
Q,2010,2010
Q,2011,2011
Q,2012,2012
E,2013,2013
J,2014,2014
D,2015,2015
F,2016,2016
K,2017,2017
I,2018,2018
E,2019,2019
E,2020,2020
K,2021,2021
E,2022,2022
N,2023,2023
N,2024,2024
N,2025,2025
X,2026,2026
C,2027,2027
G,2028,2028
K,2029,2029
K,2030,2030
K,2031,2031
K,2032,2032
H,2033,2033
H,2034,2034
A,2035,2035
B,2036,2036
Q,2037,2037
E,2038,2038
E,2039,2039
Q,2040,2040
Q,2041,2041
P,2042,2042
C,2043,2043
K,2044,2044
Q,2045,2045
E,2046,2046
L,2047,2047
Q,2049,2049
R,2050,2050
P,2051,2051
P,2052,2052
P,2053,2053
P,2054,2054
H,2055,2055
A,2056,2056
A,2057,2057
F,2058,2058
L,2059,2059
L,2060,2060
Q,2061,2061
B,2062,2062
O,2063,2063
O,2064,2064
R,2065,2065
R,2066,2066
R,2067,2067
G,2068,2068
L,2069,2069
M,2070,2070
I,2071,2071
I,2072,2072
I,2073,2073
I,2074,2074
I,2075,2075
D,2076,2076
J,2077,2077
L,2078,2078
E,2079,2079
E,2080,2080
Q,2081,2081
B,2082,2082
B,2083,2083
B,2084,2084
P,2085,2085
P,2086,2086
X,2087,2087
D,2088,2088
D,2089,2089
D,2090,2090
D,2091,2091
J,2092,2092
D,2093,2093
K,2094,2094
G,2095,2095
G,2096,2096
H,2097,2097
H,2098,2098
H,2099,2099
O,2100,2100
I,2101,2101
E,2102,2102
F,2103,2103
F,2104,2104
F,2105,2105
E,2106,2106
I,2108,2108
R,2109,2109
H,2110,2110
N,2111,2111
L,2112,2112
I,2113,2113
I,2114,2114
X,2115,2115
X,2116,2116
X,2117,2117
K,2118,2118
J,2119,2119
H,2120,2120
L,2121,2121
M,2122,2122
I,2123,2123
I,2124,2124
Q,2126,2126
F,2128,2128
N,2129,2129
L,2130,2130
L,2131,2131
M,2132,2132
M,2133,2133
M,2134,2134
Q,2135,2135
Q,2136,2136
Q,2137,2137
Q,2139,2139
O,2140,2140
O,2141,2141
O,2142,2142
P,2143,2143
P,2144,2144
D,2145,2145
J,2146,2146
X,2147,2147
P,2148,2148
P,2149,2149
P,2150,2150
X,2151,2151
H,2152,2152
H,2153,2153
F,2154,2154
F,2155,2155
O,2156,2156
O,2157,2157
O,2158,2158
P,2159,2159
X,2160,2160
X,2161,2161
F,2162,2162
N,2163,2163
H,2164,2164
R,2165,2165
R,2166,2166
R,2167,2167
L,2168,2168
A,2169,2169
K,2170,2170
Q,2171,2171
Q,2172,2172
C,2173,2173
D,2174,2174
A,2175,2175
M,2176,2176
B,2177,2177
B,2178,2178
O,2179,2179
I,2180,2180
P,2181,2181
L,2182,2182
L,2183,2183
F,2184,2184
M,2185,2185
M,2186,2186
Q,2187,2187
P,2188,2188
P,2189,2189
P,2190,2190
J,2191,2191
J,2192,2192
D,2193,2193
D,2194,2194
G,2195,2195
G,2196,2196
H,2197,2197
H,2198,2198
G,2199,2199
H,2200,2200
M,2201,2201
F,2202,2202
R,2203,2203
R,2204,2204
D,2205,2205
D,2206,2206
D,2207,2207
C,2208,2208
P,2209,2209
X,2210,2210
L,2211,2211
N,2212,2212
C,2213,2213
X,2214,2214
J,2215,2215
K,2216,2216
K,2217,2217
K,2218,2218
P,2219,2219
A,2220,2220
I,2221,2221
Q,2223,2223
B,2224,2224
K,2225,2225
B,2226,2226
B,2227,2227
B,2228,2228
F,2229,2229
F,2230,2230
F,2231,2231
L,2232,2232
I,2233,2233
E,2234,2234
Q,2235,2235
R,2236,2236
R,2237,2237
R,2238,2238
D,2239,2239
G,2240,2240
G,2241,2241
G,2242,2242
K,2243,2243
J,2244,2244
I,2245,2245
L,2246,2246
L,2247,2247
Q,2248,2248
E,2249,2249
X,2250,2250
K,2251,2251
X,2252,2252
M,2253,2253
M,2254,2254
O,2255,2255
L,2256,2256
M,2257,2257
Q,2258,2258
P,2259,2259
N,2260,2260
C,2261,2261
J,2262,2262
D,2263,2263
X,2264,2264
X,2265,2265
G,2266,2266
K,2267,2267
A,2268,2268
Q,2269,2269
R,2270,2270
R,2271,2271
D,2272,2272
L,2273,2273
I,2274,2274
I,2275,2275
N,2276,2276
D,2277,2277
D,2278,2278
D,2279,2279
X,2280,2280
X,2281,2281
G,2282,2282
G,2283,2283
J,2284,2284
R,2285,2285
I,2286,2286
K,2287,2287
J,2288,2288
R,2289,2289
R,2290,2290
M,2291,2291
D,2292,2292
G,2293,2293
O,2294,2294
F,3001,3001
H,3002,3002
H,3003,3003
H,3004,3004
H,3005,3005
H,3006,3006
H,3007,3007
H,3008,3008
H,3009,3009
H,3010,3010
H,3011,3011
H,3012,3012
H,3013,3013
H,3014,3014
H,3015,3015
H,3016,3016
H,3017,3017
H,3018,3018
H,3019,3019
H,3020,3020
H,3021,3021
H,3022,3022
H,3023,3023
G,3024,3024
G,3025,3025
G,3026,3026
G,3027,3027
G,3028,3028
G,3029,3029
G,3030,3030
G,3031,3031
G,3032,3032
G,3033,3033
G,3034,3034
G,3035,3035
G,3036,3036
G,3037,3037
G,3038,3038
G,3039,3039
G,3040,3040
G,3041,3041
G,3042,3042
G,3043,3043
G,3044,3044
G,3045,3045
Q,3046,3046
Q,3047,3047
Q,3048,3048
Q,3049,3049
P,3050,3050
P,3051,3051
P,3052,3052
P,3053,3053
P,3054,3054
P,3055,3055
P,3056,3056
P,3057,3057
H,3058,3058
H,3059,3059
H,3060,3060
H,3061,3061
H,3062,3062
H,3063,3063
H,3064,3064
H,3065,3065
H,3066,3066
H,3067,3067
H,3068,3068
H,3069,3069
H,3070,3070
H,3071,3071
H,3073,3073
H,3074,3074
H,3075,3075
H,3076,3076
H,3077,3077
H,3078,3078
H,3079,3079
H,3080,3080
H,3081,3081
H,3082,3082
H,3083,3083
H,3084,3084
H,3085,3085
H,3086,3086
H,3087,3087
H,3088,3088
H,3089,3089
H,3090,3090
H,3091,3091
H,3092,3092
H,3093,3093
H,3094,3094
H,3095,3095
H,3096,3096
H,3097,3097
H,3098,3098
H,3099,3099
H,3100,3100
H,3101,3101
H,3102,3102
H,3103,3103
H,3104,3104
H,3105,3105
H,3106,3106
H,3107,3107
H,3108,3108
H,3109,3109
H,3110,3110
H,3111,3111
H,3112,3112
H,3113,3113
H,3114,3114
H,3115,3115
H,3116,3116
H,3117,3117
H,3118,3118
H,3119,3119
H,3120,3120
H,3121,3121
H,3122,3122
R,3123,3123
R,3124,3124
R,3125,3125
R,3126,3126
R,3127,3127
R,3128,3128
R,3129,3129
K,3130,3130
K,3131,3131
K,3132,3132
K,3133,3133
K,3134,3134
K,3135,3135
K,3136,3136
K,3137,3137
K,3138,3138
K,3139,3139
K,3140,3140
K,3141,3141
K,3142,3142
K,3143,3143
K,3144,3144
K,3145,3145
K,3146,3146
K,3147,3147
K,3148,3148
K,3149,3149
R,3150,3150
R,3151,3151
R,3152,3152
F,3153,3153
K,3154,3154
K,3155,3155
K,3156,3156
K,3157,3157
K,3158,3158
K,3159,3159
K,3160,3160
K,3161,3161
K,3162,3162
K,3163,3163
K,3164,3164
K,3165,3165
K,3166,3166
K,3167,3167
K,3168,3168
K,3169,3169
K,3170,3170
K,3171,3171
K,3172,3172
K,3173,3173
K,3174,3174
K,3175,3175
K,3176,3176
K,3177,3177
K,3178,3178
K,3179,3179
K,3180,3180
K,3181,3181
K,3182,3182
K,3183,3183
K,3184,3184
K,3185,3185
K,3186,3186
K,3187,3187
K,3188,3188
K,3189,3189
K,3190,3190
K,3191,3191
K,3192,3192
K,3193,3193
K,3194,3194
K,3195,3195
K,3196,3196
K,3197,3197
K,3198,3198
K,3199,3199
K,3200,3200
K,3201,3201
K,3202,3202
K,3203,3203
R,3204,3204
R,3205,3205
R,3206,3206
R,3207,3207
R,3208,3208
R,3209,3209
R,3210,3210
R,3211,3211
R,3212,3212
R,3213,3213
R,3214,3214
E,3215,3215
I,3216,3216
E,3217,3217
E,3218,3218
I,3219,3219
E,3220,3220
E,3221,3221
E,3222,3222
E,3223,3223
Q,3224,3224
Q,3225,3225
E,3226,3226
E,3227,3227
E,3228,3228
E,3229,3229
E,3230,3230
L,3231,3231
L,3232,3232
L,3233,3233
L,3234,3234
L,3235,3235
L,3236,3236
H,3237,3237
P,3238,3238
R,3239,3239
R,3240,3240
Q,3241,3241
Q,3242,3242
Q,3243,3243
Q,3244,3244
E,3245,3245
E,3246,3246
E,3247,3247
E,3248,3248
E,3249,3249
E,3250,3250
I,3251,3251
I,3252,3252
I,3253,3253
I,3254,3254
I,3255,3255
I,3256,3256
I,3257,3257
Q,3258,3258
F,3259,3259
I,3260,3260
I,3261,3261
I,3262,3262
F,3263,3263
F,3264,3264
F,3265,3265
F,3266,3266
F,3267,3267
F,3268,3268
F,3269,3269
F,3270,3270
B,3271,3271
B,3272,3272
B,3273,3273
B,3274,3274
B,3275,3275
B,3276,3276
X,3277,3277
C,3278,3278
X,3279,3279
C,3280,3280
X,3281,3281
X,3282,3282
J,3283,3283
J,3284,3284
J,3285,3285
D,3286,3286
F,3287,3287
F,3288,3288
F,3289,3289
F,3290,3290
F,3291,3291
F,3292,3292
F,3293,3293
F,3294,3294
F,3295,3295
F,3296,3296
R,3297,3297
R,3298,3298
R,3299,3299
R,3300,3300
R,3301,3301
E,3302,3302
E,3303,3303
E,3304,3304
E,3305,3305
E,3306,3306
E,3307,3307
E,3308,3308
Q,3309,3309
Q,3310,3310
E,3311,3311
Q,3312,3312
E,3313,3313
E,3314,3314
Q,3315,3315
E,3316,3316
Q,3317,3317
E,3318,3318
Q,3319,3319
Q,3320,3320
Q,3321,3321
E,3322,3322
Q,3323,3323
E,3324,3324
Q,3325,3325
Q,3326,3326
Q,3327,3327
E,3328,3328
E,3329,3329
E,3330,3330
N,3331,3331
N,3332,3332
N,3333,3333
N,3334,3334
N,3335,3335
N,3336,3336
N,3337,3337
H,3338,3338
A,3339,3339
A,3340,3340
A,3341,3341
B,3342,3342
B,3343,3343
B,3344,3344
B,3345,3345
B,3346,3346
B,3347,3347
B,3348,3348
B,3349,3349
B,3350,3350
B,3351,3351
B,3352,3352
B,3353,3353
B,3354,3354
B,3355,3355
B,3356,3356
X,3357,3357
X,3358,3358
X,3359,3359
X,3360,3360
X,3361,3361
X,3362,3362
X,3363,3363
X,3364,3364
X,3365,3365
X,3366,3366
X,3367,3367
X,3368,3368
X,3369,3369
X,3370,3370
X,3371,3371
J,3372,3372
D,3373,3373
P,3374,3374
B,3375,3375
B,3376,3376
B,3377,3377
B,3378,3378
B,3379,3379
B,3380,3380
B,3381,3381
B,3382,3382
B,3383,3383
B,3384,3384
B,3385,3385
X,3386,3386
X,3387,3387
D,3388,3388
D,3389,3389
J,3390,3390
J,3391,3391
J,3392,3392
D,3393,3393
J,3394,3394
D,3395,3395
D,3396,3396
D,3397,3397
J,3398,3398
H,3399,3399
H,3400,3400
H,3401,3401
H,3402,3402
H,3403,3403
G,3404,3404
G,3405,3405
G,3406,3406
G,3407,3407
G,3408,3408
G,3409,3409
G,3410,3410
P,3411,3411
P,3412,3412
P,3413,3413
P,3414,3414
O,3415,3415
O,3416,3416
O,3417,3417
P,3418,3418
P,3419,3419
P,3420,3420
P,3421,3421
O,3422,3422
O,3423,3423
L,3424,3424
L,3425,3425
L,3426,3426
L,3427,3427
L,3428,3428
L,3429,3429
L,3430,3430
L,3431,3431
L,3432,3432
L,3433,3433
L,3434,3434
L,3435,3435
L,3436,3436
L,3437,3437
L,3438,3438
L,3439,3439
L,3440,3440
L,3441,3441
G,3442,3442
G,3443,3443
G,3444,3444
N,3445,3445
N,3446,3446
N,3447,3447
N,3448,3448
N,3449,3449
N,3450,3450
N,3451,3451
F,3452,3452
F,3453,3453
F,3454,3454
F,3455,3455
F,3456,3456
F,3457,3457
F,3458,3458
F,3459,3459
I,3460,3460
F,3461,3461
F,3462,3462
F,3463,3463
F,3464,3464
F,3465,3465
F,3466,3466
F,3467,3467
F,3468,3468
F,3469,3469
Q,3470,3470
Q,3471,3471
Q,3472,3472
Q,3473,3473
Q,3474,3474
Q,3475,3475
Q,3476,3476
Q,3477,3477
Q,3478,3478
Q,3479,3479
O,3480,3480
M,3481,3481
M,3482,3482
M,3483,3483
M,3484,3484
M,3485,3485
M,3486,3486
M,3487,3487
M,3488,3488
M,3489,3489
M,3490,3490
M,3491,3491
M,3492,3492
M,3493,3493
M,3494,3494
M,3495,3495
M,3496,3496
M,3497,3497
M,3498,3498
M,3499,3499
M,3500,3500
M,3501,3501
R,3502,3502
K,3503,3503
R,3504,3504
R,3505,3505
K,3506,3506
R,3507,3507
R,3508,3508
R,3509,3509
K,3510,3510
R,3511,3511
R,3512,3512
P,3513,3513
P,3514,3514
P,3515,3515
P,3516,3516
E,3517,3517
A,3518,3518
A,3519,3519
A,3520,3520
A,3521,3521
A,3522,3522
A,3523,3523
A,3524,3524
A,3525,3525
A,3526,3526
B,3527,3527
B,3528,3528
B,3529,3529
B,3530,3530
B,3531,3531
B,3532,3532
B,3533,3533
B,3534,3534
B,3535,3535
B,3536,3536
B,3537,3537
B,3538,3538
B,3539,3539
X,3540,3540
X,3541,3541
X,3542,3542
C,3543,3543
X,3544,3544
X,3545,3545
X,3546,3546
X,3547,3547
X,3548,3548
J,3549,3549
D,3550,3550
J,3551,3551
D,3552,3552
D,3553,3553
D,3554,3554
D,3555,3555
D,3556,3556
D,3557,3557
D,3558,3558
D,3559,3559
D,3560,3560
J,3561,3561
J,3562,3562
M,3563,3563
M,3564,3564
M,3565,3565
M,3566,3566
M,3567,3567
G,3568,3568
G,3569,3569
M,3570,3570
M,3571,3571
M,3572,3572
M,3573,3573
M,3574,3574
M,3575,3575
M,3576,3576
M,3577,3577
I,3578,3578
M,3579,3579
M,3580,3580
P,3581,3581
P,3582,3582
H,3583,3583
H,3584,3584
H,3585,3585
H,3586,3586
H,3587,3587
H,3588,3588
H,3589,3589
H,3590,3590
H,3591,3591
H,3592,3592
H,3593,3593
H,3594,3594
H,3595,3595
H,3596,3596
G,3597,3597
M,3598,3598
F,3599,3599
L,3600,3600
L,3601,3601
L,3602,3602
L,3603,3603
L,3604,3604
L,3605,3605
L,3606,3606
L,3607,3607
L,3608,3608
L,3609,3609
L,3610,3610
L,3611,3611
L,3612,3612
L,3613,3613
L,3614,3614
L,3615,3615
L,3616,3616
L,3617,3617
M,3618,3618
M,3619,3619
Q,3620,3620
Q,3621,3621
Q,3622,3622
P,3623,3623
O,3624,3624
O,3625,3625
P,3626,3626
O,3627,3627
P,3628,3628
P,3629,3629
P,3630,3630
P,3632,3632
N,3633,3633
N,3634,3634
N,3635,3635
N,3636,3636
N,3637,3637
K,3638,3638
K,3639,3639
K,3640,3640
R,3641,3641
R,3642,3642
K,3643,3643
K,3644,3644
K,3645,3645
N,3646,3646
A,3647,3647
K,3648,3648
K,3649,3649
K,3650,3650
K,3651,3651
K,3652,3652
K,3653,3653
K,3654,3654
K,3655,3655
K,3656,3656
K,3657,3657
H,3658,3658
H,3659,3659
H,3660,3660
H,3661,3661
H,3662,3662
H,3663,3663
H,3664,3664
H,3665,3665
H,3666,3666
H,3667,3667
H,3668,3668
F,3669,3669
F,3670,3670
F,3671,3671
I,3672,3672
I,3673,3673
I,3674,3674
I,3675,3675
I,3676,3676
F,3677,3677
F,3678,3678
F,3679,3679
F,3680,3680
F,3681,3681
F,3682,3682
F,3683,3683
G,3684,3684
G,3685,3685
G,3686,3686
G,3687,3687
G,3688,3688
G,3689,3689
G,3690,3690
G,3691,3691
G,3692,3692
G,3693,3693
G,3694,3694
G,3695,3695
D,3696,3696
Q,3697,3697
Q,3698,3698
Q,3699,3699
I,3700,3700
Q,3701,3701
Q,3702,3702
Q,3703,3703
I,3704,3704
Q,3705,3705
K,3706,3706
K,3707,3707
K,3708,3708
K,3709,3709
K,3710,3710
K,3711,3711
K,3712,3712
K,3713,3713
K,3714,3714
K,3715,3715
K,3716,3716
K,3717,3717
K,3718,3718
H,3719,3719
H,3720,3720
H,3721,3721
H,3722,3722
H,3723,3723
H,3724,3724
H,3725,3725
H,3726,3726
I,3727,3727
I,3728,3728
I,3729,3729
I,3730,3730
F,3731,3731
F,3732,3732
F,3733,3733
F,3734,3734
F,3735,3735
F,3736,3736
G,3737,3737
G,3738,3738
G,3739,3739
G,3740,3740
G,3741,3741
G,3742,3742
G,3743,3743
G,3744,3744
G,3745,3745
G,3746,3746
R,3747,3747
R,3748,3748
R,3749,3749
R,3750,3750
R,3751,3751
R,3752,3752
R,3753,3753
R,3754,3754
R,3755,3755
R,3756,3756
R,3757,3757
R,3758,3758
R,3759,3759
H,3760,3760
H,3761,3761
H,3762,3762
H,3763,3763
H,3764,3764
H,3765,3765
H,3766,3766
H,3767,3767
H,3768,3768
H,3769,3769
H,3770,3770
F,3771,3771
F,3772,3772
F,3773,3773
F,3774,3774
F,3775,3775
F,3776,3776
F,3777,3777
F,3778,3778
F,3779,3779
F,3780,3780
F,3781,3781
F,3782,3782
G,3783,3783
G,3784,3784
G,3785,3785
G,3786,3786
G,3787,3787
G,3788,3788
G,3789,3789
G,3790,3790
G,3791,3791
G,3792,3792
G,3793,3793
G,3794,3794
G,3795,3795
E,3796,3796
A,3797,3797
A,3798,3798
A,3799,3799
A,3800,3800
A,3801,3801
A,3802,3802
A,3803,3803
A,3804,3804
A,3805,3805
P,3806,3806
P,3807,3807
P,3808,3808
O,3809,3809
P,3810,3810
P,3811,3811
P,3812,3812
P,3813,3813
P,3814,3814
P,3815,3815
P,3816,3816
P,3817,3817
P,3818,3818
P,3819,3819
P,3820,3820
P,3821,3821
P,3822,3822
P,3823,3823
P,3824,3824
P,3825,3825
P,3826,3826
B,3827,3827
B,3828,3828
B,3829,3829
B,3830,3830
B,3831,3831
B,3832,3832
B,3833,3833
B,3834,3834
M,3835,3835
N,3836,3836
J,3837,3837
H,3838,3838
K,3839,3839
G,3840,3840
K,3841,3841
R,3842,3842
R,3843,3843
R,3844,3844
R,3845,3845
K,3846,3846
K,3847,3847
Q,3848,3848
Q,3849,3849
Q,3850,3850
Q,3851,3851
Q,3852,3852
Q,3853,3853
Q,3854,3854
Q,3855,3855
Q,3856,3856
Q,3857,3857
Q,3858,3858
Q,3859,3859
Q,3860,3860
Q,3861,3861
Q,3862,3862
Q,3863,3863
Q,3864,3864
Q,3865,3865
Q,3866,3866
Q,3867,3867
Q,3868,3868
Q,3869,3869
R,3870,3870
R,3871,3871
R,3872,3872
R,3873,3873
R,3874,3874
R,3875,3875
R,3876,3876
R,3877,3877
R,3878,3878
R,3879,3879
R,3880,3880
R,3881,3881
K,3882,3882
R,3883,3883
R,3884,3884
R,3885,3885
R,3886,3886
R,3887,3887
R,3888,3888
R,3889,3889
H,3890,3890
H,3891,3891
H,3892,3892
H,3893,3893
H,3894,3894
H,3895,3895
H,3896,3896
H,3897,3897
G,3898,3898
G,3899,3899
G,3900,3900
G,3901,3901
G,3902,3902
G,3903,3903
A,3904,3904
A,3905,3905
A,3906,3906
A,3907,3907
A,3908,3908
A,3909,3909
A,3910,3910
A,3911,3911
A,3912,3912
A,3913,3913
A,3914,3914
A,3915,3915
A,3916,3916
A,3917,3917
A,3918,3918
A,3919,3919
A,3920,3920
A,3921,3921
A,3922,3922
A,3923,3923
A,3924,3924
A,3925,3925
A,3926,3926
A,3927,3927
A,3928,3928
A,3929,3929
A,3930,3930
A,3931,3931
A,3932,3932
A,3933,3933
A,3934,3934
A,3935,3935
A,3936,3936
A,3937,3937
A,3938,3938
A,3939,3939
A,3940,3940
A,3941,3941
A,3942,3942
A,3943,3943
A,3944,3944
A,3945,3945
A,3946,3946
A,3947,3947
A,3948,3948
A,3949,3949
A,3950,3950
A,3951,3951
A,3952,3952
A,3953,3953
A,3954,3954
A,3955,3955
A,3956,3956
A,3957,3957
A,3958,3958
A,3959,3959
A,3960,3960
A,3961,3961
A,3962,3962
A,3963,3963
A,3964,3964
A,3965,3965
A,3966,3966
A,3967,3967
A,3968,3968
A,3969,3969
A,3970,3970
A,3971,3971
A,3972,3972
A,3973,3973
A,3974,3974
A,3975,3975
A,3976,3976
A,3977,3977
A,3978,3978
A,3979,3979
A,3980,3980
A,3981,3981
A,3982,3982
A,3983,3983
A,3984,3984
A,3985,3985
A,3986,3986
A,3987,3987
A,3988,3988
A,3989,3989
A,3990,3990
A,3991,3991
A,3992,3992
A,3993,3993
A,3994,3994
A,3995,3995
F,3996,3996
F,3997,3997
F,3998,3998
F,3999,3999
F,4001,4001
F,4002,4002
F,4003,4003
F,4004,4004
F,4005,4005
F,4006,4006
F,4007,4007
F,4008,4008
F,4009,4009
F,4010,4010
F,4011,4011
F,4012,4012
F,4013,4013
F,4014,4014
F,4015,4015
F,4016,4016
F,4017,4017
F,4018,4018
F,4019,4019
F,4020,4020
F,4021,4021
F,4022,4022
F,4023,4023
F,4024,4024
F,4025,4025
F,4026,4026
F,4027,4027
F,4028,4028
F,4029,4029
F,4030,4030
F,4031,4031
F,4032,4032
F,4033,4033
F,4034,4034
F,4035,4035
F,4036,4036
F,4037,4037
F,4038,4038
F,4039,4039
F,4040,4040
F,4041,4041
F,4042,4042
F,4043,4043
F,4044,4044
F,4045,4045
F,4046,4046
F,4047,4047
F,4048,4048
F,4049,4049
F,4050,4050
F,4051,4051
F,4052,4052
F,4053,4053
F,4054,4054
F,4055,4055
F,4056,4056
F,4057,4057
F,4058,4058
F,4059,4059
F,4060,4060
F,4061,4061
F,4062,4062
F,4063,4063
F,4064,4064
F,4065,4065
F,4066,4066
F,4067,4067
F,4068,4068
F,4069,4069
F,4070,4070
F,4071,4071
F,4072,4072
F,4073,4073
F,4074,4074
F,4075,4075
F,4076,4076
F,4077,4077
F,4078,4078
F,4079,4079
F,4080,4080
F,4081,4081
F,4082,4082
F,4083,4083
F,4084,4084
F,4085,4085
F,4086,4086
F,4087,4087
F,4088,4088
F,4089,4089
F,4090,4090
F,4091,4091
F,4092,4092
F,4093,4093
F,4094,4094
F,4095,4095
F,4097,4097
F,4098,4098
F,4099,4099
F,4100,4100
F,4101,4101
I,4102,4102
I,4103,4103
I,4104,4104
I,4105,4105
I,4106,4106
I,4107,4107
I,4108,4108
I,4109,4109
I,4110,4110
I,4111,4111
I,4112,4112
F,4113,4113
F,4114,4114
F,4115,4115
F,4116,4116
F,4117,4117
F,4118,4118
F,4119,4119
F,4120,4120
F,4121,4121
F,4122,4122
F,4123,4123
F,4124,4124
F,4125,4125
F,4126,4126
F,4127,4127
F,4128,4128
F,4129,4129
F,4130,4130
F,4131,4131
F,4132,4132
F,4133,4133
F,4134,4134
F,4135,4135
F,4136,4136
F,4137,4137
F,4138,4138
F,4139,4139
F,4140,4140
F,4141,4141
F,4142,4142
F,4143,4143
F,4144,4144
F,4145,4145
F,4146,4146
F,4147,4147
F,4148,4148
F,4149,4149
F,4150,4150
F,4151,4151
F,4152,4152
F,4153,4153
F,4154,4154
F,4155,4155
F,4156,4156
F,4157,4157
F,4158,4158
F,4159,4159
F,4160,4160
F,4161,4161
F,4162,4162
F,4163,4163
F,4164,4164
F,4165,4165
F,4166,4166
F,4167,4167
F,4168,4168
F,4169,4169
F,4170,4170
F,4171,4171
F,4172,4172
F,4173,4173
F,4174,4174
F,4175,4175
F,4176,4176
F,4177,4177
F,4178,4178
F,4179,4179
F,4180,4180
F,4181,4181
F,4182,4182
F,4183,4183
F,4184,4184
F,4185,4185
F,4186,4186
F,4187,4187
F,4188,4188
F,4189,4189
F,4190,4190
F,4191,4191
F,4192,4192
F,4193,4193
F,4194,4194
F,4195,4195
F,4196,4196
F,4197,4197
F,4198,4198
F,4199,4199
F,4200,4200
F,4201,4201
F,4202,4202
F,4203,4203
F,4204,4204
F,4205,4205
F,4206,4206
F,4207,4207
F,4208,4208
F,4209,4209
F,4210,4210
F,4211,4211
F,4212,4212
F,4213,4213
F,4214,4214
F,4215,4215
F,4216,4216
F,4217,4217
F,4218,4218
F,4219,4219
F,4220,4220
F,4221,4221
F,4222,4222
F,4223,4223
F,4224,4224
F,4225,4225
F,4226,4226
F,4227,4227
F,4228,4228
F,4229,4229
F,4230,4230
F,4231,4231
F,4232,4232
F,4233,4233
F,4234,4234
F,4235,4235
F,4236,4236
F,4237,4237
F,4238,4238
F,4239,4239
F,4240,4240
F,4241,4241
I,4242,4242
I,4243,4243
I,4244,4244
I,4245,4245
I,4246,4246
I,4247,4247
I,4248,4248
I,4249,4249
I,4250,4250
I,4251,4251
I,4252,4252
I,4253,4253
I,4254,4254
I,4255,4255
I,4256,4256
I,4257,4257
I,4258,4258
I,4259,4259
I,4260,4260
F,4261,4261
F,4262,4262
F,4263,4263
F,4264,4264
F,4265,4265
F,4266,4266
F,4267,4267
F,4268,4268
F,4269,4269
F,4270,4270
F,4271,4271
F,4272,4272
F,4273,4273
F,4274,4274
F,4275,4275
F,4276,4276
F,4277,4277
F,4278,4278
F,4279,4279
F,4280,4280
F,4281,4281
F,4282,4282
F,4283,4283
F,4284,4284
F,4285,4285
F,4286,4286
F,4287,4287
F,4288,4288
F,4289,4289
F,4290,4290
F,4291,4291
F,4292,4292
F,4293,4293
F,4294,4294
F,4295,4295
F,4296,4296
F,4297,4297
F,4298,4298
F,4299,4299
F,4300,4300
F,4301,4301
F,4302,4302
F,4303,4303
F,4304,4304
F,4305,4305
F,4306,4306
F,4307,4307
F,4308,4308
F,4309,4309
F,4310,4310
F,4311,4311
F,4312,4312
F,4313,4313
F,4314,4314
F,4315,4315
F,4316,4316
F,4317,4317
F,4318,4318
F,4319,4319
F,4320,4320
F,4321,4321
F,4322,4322
F,4323,4323
F,4324,4324
F,4325,4325
F,4326,4326
F,4327,4327
F,4328,4328
F,4329,4329
F,4330,4330
F,4331,4331
F,4332,4332
F,4333,4333
F,4334,4334
F,4335,4335
F,4336,4336
F,4337,4337
F,4338,4338
F,4339,4339
F,4340,4340
F,4341,4341
F,4342,4342
F,4343,4343
F,4344,4344
F,4345,4345
F,4346,4346
F,4347,4347
F,4348,4348
F,4349,4349
F,4350,4350
F,4351,4351
F,4352,4352
F,4353,4353
F,4354,4354
F,4355,4355
F,4356,4356
F,4357,4357
F,4358,4358
F,4359,4359
F,4360,4360
F,4361,4361
F,4362,4362
F,4363,4363
F,4364,4364
F,4365,4365
F,4366,4366
F,4367,4367
F,4368,4368
F,4369,4369
F,4370,4370
F,4371,4371
F,4372,4372
F,4373,4373
F,4374,4374
F,4375,4375
F,4376,4376
F,4377,4377
F,4378,4378
F,4379,4379
F,4380,4380
F,4381,4381
F,4382,4382
F,4383,4383
F,4384,4384
F,4385,4385
F,4386,4386
F,4387,4387
F,4388,4388
F,4389,4389
F,4390,4390
F,4391,4391
F,4392,4392
F,4393,4393
F,4394,4394
F,4395,4395
F,4396,4396
F,4397,4397
F,4398,4398
F,4399,4399
F,4400,4400
F,4401,4401
F,4402,4402
F,4403,4403
F,4404,4404
F,4405,4405
F,4406,4406
F,4407,4407
F,4408,4408
F,4409,4409
F,4410,4410
F,4411,4411
F,4412,4412
F,4413,4413
F,4414,4414
F,4415,4415
F,4416,4416
F,4417,4417
F,4418,4418
F,4419,4419
F,4420,4420
F,4421,4421
F,4422,4422
F,4423,4423
F,4424,4424
F,4425,4425
F,4426,4426
F,4427,4427
F,4428,4428
F,4429,4429
F,4430,4430
F,4431,4431
F,4432,4432
F,4433,4433
F,4434,4434
F,4435,4435
F,4436,4436
F,4437,4437
F,4438,4438
F,4439,4439
F,4440,4440
F,4441,4441
F,4442,4442
F,4443,4443
F,4444,4444
F,4445,4445
F,4446,4446
F,4447,4447
F,4448,4448
F,4449,4449
F,4450,4450
F,4451,4451
F,4452,4452
F,4453,4453
F,4454,4454
F,4455,4455
F,4456,4456
F,4457,4457
F,4458,4458
F,4459,4459
F,4460,4460
F,4461,4461
F,4462,4462
F,4463,4463
F,4464,4464
F,4465,4465
F,4466,4466
F,4467,4467
F,4468,4468
F,4469,4469
L,4470,4470
L,4471,4471
L,4472,4472
L,4473,4473
L,4474,4474
L,4475,4475
L,4476,4476
L,4477,4477
L,4478,4478
L,4479,4479
L,4480,4480
L,4481,4481
L,4482,4482
L,4483,4483
L,4484,4484
L,4485,4485
L,4486,4486
L,4487,4487
L,4488,4488
L,4489,4489
L,4490,4490
L,4491,4491
L,4492,4492
L,4493,4493
L,4494,4494
L,4495,4495
L,4496,4496
L,4497,4497
L,4498,4498
L,4499,4499
L,4500,4500
L,4501,4501
L,4502,4502
L,4503,4503
L,4504,4504
L,4505,4505
L,4506,4506
L,4507,4507
L,4508,4508
L,4509,4509
L,4510,4510
L,4511,4511
L,4512,4512
L,4513,4513
L,4514,4514
L,4515,4515
L,4516,4516
L,4517,4517
L,4518,4518
L,4519,4519
L,4520,4520
L,4521,4521
L,4522,4522
L,4523,4523
L,4524,4524
L,4525,4525
L,4526,4526
L,4527,4527
L,4528,4528
L,4529,4529
L,4530,4530
L,4531,4531
L,4532,4532
L,4533,4533
L,4534,4534
L,4535,4535
L,4536,4536
L,4537,4537
L,4538,4538
L,4539,4539
L,4540,4540
L,4541,4541
L,4542,4542
L,4543,4543
L,4544,4544
L,4545,4545
L,4546,4546
L,4547,4547
L,4548,4548
L,4549,4549
L,4550,4550
L,4551,4551
L,4552,4552
L,4553,4553
L,4554,4554
L,4555,4555
L,4556,4556
L,4557,4557
L,4558,4558
L,4559,4559
L,4560,4560
L,4561,4561
L,4562,4562
L,4563,4563
L,4564,4564
L,4565,4565
L,4566,4566
L,4567,4567
L,4568,4568
L,4569,4569
L,4570,4570
L,4571,4571
L,4572,4572
L,4573,4573
L,4574,4574
L,4575,4575
L,4576,4576
L,4577,4577
L,4578,4578
L,4579,4579
L,4580,4580
L,4581,4581
L,4582,4582
L,4583,4583
L,4584,4584
L,4585,4585
L,4586,4586
L,4587,4587
L,4588,4588
L,4589,4589
L,4590,4590
L,4591,4591
L,4592,4592
L,4593,4593
L,4594,4594
L,4595,4595
L,4596,4596
L,4597,4597
L,4598,4598
L,4599,4599
L,4600,4600
L,4601,4601
L,4602,4602
L,4603,4603
L,4604,4604
L,4605,4605
M,4606,4606
M,4607,4607
M,4608,4608
M,4609,4609
M,4610,4610
M,4611,4611
M,4612,4612
M,4613,4613
M,4614,4614
M,4615,4615
M,4616,4616
M,4617,4617
M,4618,4618
M,4619,4619
M,4620,4620
M,4621,4621
M,4622,4622
M,4623,4623
M,4624,4624
M,4625,4625
M,4626,4626
M,4627,4627
M,4628,4628
M,4629,4629
M,4630,4630
M,4631,4631
M,4632,4632
M,4633,4633
M,4634,4634
M,4635,4635
M,4636,4636
M,4637,4637
M,4638,4638
M,4639,4639
M,4640,4640
M,4641,4641
M,4642,4642
M,4643,4643
M,4644,4644
M,4645,4645
M,4646,4646
M,4647,4647
M,4648,4648
M,4649,4649
M,4650,4650
M,4651,4651
M,4652,4652
M,4653,4653
M,4654,4654
M,4655,4655
M,4656,4656
M,4657,4657
M,4658,4658
M,4659,4659
M,4660,4660
M,4661,4661
M,4662,4662
M,4663,4663
M,4664,4664
M,4665,4665
M,4666,4666
M,4667,4667
M,4668,4668
M,4669,4669
M,4670,4670
M,4671,4671
M,4672,4672
M,4673,4673
M,4674,4674
M,4675,4675
M,4676,4676
M,4677,4677
M,4678,4678
M,4679,4679
M,4680,4680
M,4681,4681
M,4682,4682
M,4683,4683
M,4684,4684
M,4685,4685
M,4686,4686
M,4687,4687
M,4688,4688
M,4689,4689
M,4690,4690
M,4691,4691
M,4692,4692
M,4693,4693
M,4694,4694
M,4695,4695
M,4696,4696
M,4697,4697
M,4698,4698
M,4699,4699
M,4700,4700
M,4701,4701
M,4702,4702
M,4703,4703
M,4704,4704
M,4705,4705
M,4706,4706
M,4707,4707
M,4708,4708
M,4709,4709
M,4710,4710
M,4711,4711
M,4712,4712
M,4713,4713
M,4714,4714
M,4715,4715
M,4716,4716
M,4717,4717
M,4718,4718
M,4719,4719
M,4720,4720
M,4721,4721
M,4722,4722
M,4723,4723
M,4724,4724
M,4725,4725
M,4726,4726
M,4727,4727
M,4728,4728
M,4729,4729
M,4730,4730
M,4731,4731
M,4732,4732
M,4733,4733
M,4734,4734
M,4735,4735
M,4736,4736
M,4737,4737
M,4738,4738
M,4739,4739
M,4740,4740
M,4741,4741
M,4742,4742
M,4743,4743
M,4744,4744
M,4745,4745
M,4746,4746
M,4747,4747
M,4748,4748
M,4749,4749
M,4750,4750
M,4751,4751
M,4752,4752
M,4753,4753
M,4754,4754
M,4755,4755
M,4756,4756
M,4757,4757
M,4758,4758
M,4759,4759
M,4760,4760
M,4761,4761
M,4762,4762
M,4763,4763
M,4764,4764
M,4765,4765
M,4766,4766
M,4767,4767
M,4768,4768
M,4769,4769
M,4770,4770
M,4771,4771
M,4772,4772
M,4773,4773
M,4774,4774
M,4775,4775
M,4776,4776
M,4777,4777
M,4778,4778
M,4779,4779
M,4780,4780
M,4781,4781
M,4782,4782
M,4783,4783
M,4784,4784
M,4785,4785
M,4786,4786
M,4787,4787
M,4788,4788
M,4789,4789
M,4790,4790
I,4791,4791
I,4792,4792
I,4793,4793
I,4794,4794
I,4795,4795
I,4796,4796
I,4797,4797
I,4798,4798
I,4799,4799
I,4800,4800
I,4801,4801
Q,4803,4803
I,4804,4804
Q,4805,4805
Q,4806,4806
Q,4807,4807
Q,4808,4808
Q,4809,4809
Q,4810,4810
Q,4811,4811
Q,4812,4812
Q,4813,4813
Q,4815,4815
Q,4816,4816
Q,4817,4817
Q,4818,4818
Q,4819,4819
Q,4820,4820
Q,4821,4821
Q,4822,4822
Q,4823,4823
Q,4824,4824
Q,4825,4825
Q,4826,4826
Q,4827,4827
Q,4828,4828
Q,4829,4829
Q,4830,4830
Q,4831,4831
Q,4832,4832
Q,4833,4833
Q,4834,4834
Q,4835,4835
Q,4836,4836
Q,4837,4837
Q,4838,4838
Q,4839,4839
Q,4840,4840
Q,4841,4841
Q,4842,4842
Q,4843,4843
Q,4844,4844
Q,4845,4845
Q,4846,4846
Q,4847,4847
Q,4848,4848
Q,4849,4849
Q,4851,4851
Q,4852,4852
Q,4853,4853
Q,4854,4854
Q,4855,4855
Q,4856,4856
Q,4857,4857
Q,4858,4858
Q,4859,4859
Q,4860,4860
Q,4861,4861
Q,4862,4862
Q,4863,4863
P,4864,4864
P,4865,4865
P,4866,4866
P,4867,4867
P,4868,4868
P,4869,4869
P,4870,4870
P,4871,4871
P,4872,4872
P,4873,4873
P,4874,4874
P,4875,4875
P,4876,4876
P,4877,4877
P,4878,4878
P,4879,4879
P,4880,4880
P,4881,4881
P,4882,4882
P,4883,4883
P,4884,4884
P,4885,4885
P,4886,4886
P,4887,4887
P,4888,4888
P,4889,4889
P,4890,4890
P,4891,4891
P,4892,4892
O,4893,4893
O,4894,4894
O,4895,4895
O,4896,4896
O,4897,4897
P,4898,4898
P,4899,4899
P,4900,4900
P,4901,4901
P,4902,4902
P,4903,4903
P,4904,4904
P,4905,4905
P,4906,4906
P,4907,4907
P,4908,4908
P,4909,4909
P,4910,4910
O,4911,4911
O,4912,4912
O,4913,4913
O,4914,4914
O,4915,4915
O,4916,4916
O,4917,4917
O,4918,4918
O,4919,4919
O,4920,4920
P,4921,4921
P,4922,4922
P,4923,4923
P,4924,4924
P,4925,4925
P,4926,4926
P,4927,4927
P,4928,4928
P,4929,4929
P,4930,4930
P,4931,4931
P,4932,4932
P,4933,4933
P,4934,4934
P,4935,4935
P,4936,4936
P,4937,4937
P,4938,4938
P,4939,4939
P,4940,4940
P,4941,4941
P,4942,4942
P,4943,4943
P,4944,4944
P,4945,4945
P,4946,4946
P,4947,4947
P,4948,4948
P,4949,4949
P,4950,4950
P,4951,4951
P,4952,4952
P,4953,4953
P,4954,4954
P,4955,4955
P,4956,4956
O,4957,4957
O,4958,4958
O,4959,4959
O,4960,4960
O,4961,4961
O,4962,4962
O,4963,4963
P,4964,4964
P,4965,4965
P,4966,4966
P,4967,4967
P,4968,4968
P,4969,4969
P,4970,4970
P,4971,4971
P,4972,4972
P,4973,4973
P,4974,4974
P,4975,4975
P,4976,4976
O,4977,4977
O,4978,4978
O,4979,4979
O,4980,4980
O,4981,4981
O,4982,4982
O,4983,4983
O,4984,4984
P,4985,4985
P,4986,4986
P,4987,4987
P,4988,4988
P,4989,4989
P,4990,4990
P,4991,4991
P,4992,4992
P,4993,4993
P,4994,4994
P,4995,4995
P,4996,4996
P,4997,4997
P,4998,4998
P,4999,4999
P,5002,5002
P,5003,5003
P,5004,5004
P,5005,5005
P,5006,5006
P,5007,5007
P,5008,5008
P,5009,5009
P,5010,5010
P,5011,5011
P,5012,5012
P,5013,5013
P,5014,5014
P,5015,5015
P,5016,5016
P,5017,5017
P,5018,5018
P,5019,5019
P,5020,5020
P,5021,5021
P,5022,5022
P,5023,5023
P,5024,5024
P,5025,5025
P,5026,5026
P,5027,5027
P,5028,5028
P,5029,5029
P,5030,5030
P,5031,5031
P,5032,5032
P,5033,5033
P,5034,5034
P,5035,5035
P,5036,5036
P,5037,5037
P,5038,5038
P,5039,5039
P,5040,5040
P,5041,5041
P,5042,5042
P,5043,5043
P,5044,5044
P,5045,5045
P,5046,5046
P,5047,5047
P,5048,5048
P,5049,5049
P,5050,5050
P,5051,5051
P,5052,5052
P,5053,5053
O,5054,5054
O,5055,5055
P,5056,5056
P,5057,5057
P,5058,5058
P,5059,5059
P,5060,5060
P,5061,5061
P,5062,5062
P,5063,5063
P,5064,5064
P,5065,5065
P,5066,5066
P,5067,5067
P,5068,5068
P,5069,5069
P,5070,5070
P,5071,5071
P,5072,5072
P,5073,5073
P,5074,5074
O,5075,5075
O,5076,5076
O,5077,5077
P,5078,5078
P,5079,5079
P,5080,5080
P,5081,5081
P,5082,5082
P,5083,5083
P,5084,5084
P,5085,5085
P,5086,5086
P,5087,5087
P,5088,5088
P,5089,5089
P,5090,5090
P,5091,5091
P,5092,5092
P,5093,5093
P,5094,5094
O,5095,5095
O,5096,5096
P,5097,5097
P,5098,5098
P,5099,5099
P,5100,5100
P,5101,5101
P,5102,5102
P,5103,5103
P,5104,5104
P,5105,5105
P,5106,5106
P,5107,5107
P,5108,5108
P,5109,5109
P,5110,5110
P,5111,5111
P,5112,5112
P,5113,5113
P,5114,5114
P,5115,5115
P,5116,5116
N,5117,5117
N,5118,5118
N,5119,5119
N,5121,5121
N,5122,5122
N,5123,5123
N,5124,5124
N,5125,5125
N,5126,5126
N,5127,5127
N,5128,5128
N,5129,5129
N,5130,5130
N,5131,5131
N,5132,5132
N,5133,5133
N,5134,5134
N,5135,5135
N,5136,5136
N,5137,5137
N,5138,5138
N,5139,5139
N,5140,5140
N,5141,5141
N,5142,5142
N,5143,5143
N,5144,5144
N,5145,5145
N,5146,5146
N,5147,5147
N,5148,5148
N,5149,5149
N,5150,5150
N,5151,5151
N,5152,5152
N,5153,5153
N,5154,5154
N,5155,5155
N,5156,5156
N,5157,5157
N,5158,5158
N,5159,5159
N,5160,5160
N,5161,5161
N,5162,5162
N,5163,5163
N,5164,5164
N,5165,5165
N,5166,5166
N,5167,5167
N,5168,5168
N,5169,5169
N,5170,5170
N,5171,5171
N,5172,5172
N,5173,5173
N,5174,5174
N,5175,5175
N,5176,5176
N,5177,5177
N,5178,5178
N,5179,5179
N,5180,5180
N,5181,5181
N,5182,5182
N,5183,5183
N,5184,5184
N,5185,5185
N,5186,5186
N,5187,5187
N,5188,5188
N,5189,5189
N,5190,5190
N,5191,5191
N,5192,5192
N,5193,5193
N,5194,5194
N,5195,5195
N,5196,5196
N,5197,5197
N,5198,5198
N,5199,5199
N,5200,5200
N,5201,5201
N,5202,5202
N,5203,5203
N,5204,5204
N,5205,5205
N,5206,5206
N,5207,5207
N,5208,5208
N,5209,5209
N,5210,5210
N,5211,5211
N,5212,5212
N,5213,5213
N,5214,5214
N,5215,5215
N,5216,5216
N,5217,5217
N,5218,5218
N,5219,5219
N,5220,5220
N,5221,5221
N,5222,5222
N,5223,5223
N,5224,5224
N,5225,5225
N,5226,5226
N,5227,5227
N,5228,5228
N,5229,5229
N,5230,5230
N,5231,5231
N,5232,5232
N,5233,5233
N,5234,5234
N,5235,5235
N,5236,5236
N,5237,5237
N,5238,5238
N,5239,5239
N,5240,5240
N,5241,5241
N,5242,5242
N,5243,5243
N,5244,5244
N,5245,5245
N,5246,5246
B,5247,5247
B,5248,5248
B,5249,5249
B,5250,5250
B,5251,5251
B,5252,5252
B,5253,5253
B,5254,5254
B,5255,5255
B,5256,5256
B,5257,5257
B,5258,5258
B,5259,5259
B,5260,5260
B,5261,5261
B,5262,5262
B,5263,5263
B,5264,5264
B,5265,5265
B,5266,5266
B,5267,5267
B,5268,5268
B,5269,5269
B,5270,5270
B,5271,5271
B,5272,5272
B,5273,5273
B,5274,5274
B,5275,5275
B,5276,5276
B,5277,5277
B,5278,5278
B,5279,5279
B,5280,5280
B,5281,5281
B,5282,5282
B,5283,5283
B,5284,5284
B,5285,5285
B,5286,5286
B,5287,5287
B,5288,5288
B,5289,5289
B,5290,5290
B,5291,5291
B,5292,5292
B,5293,5293
B,5294,5294
B,5295,5295
B,5296,5296
B,5297,5297
B,5298,5298
B,5299,5299
B,5300,5300
B,5301,5301
B,5302,5302
B,5303,5303
B,5304,5304
B,5305,5305
B,5306,5306
B,5307,5307
B,5308,5308
B,5309,5309
B,5310,5310
B,5311,5311
B,5312,5312
B,5313,5313
B,5314,5314
B,5315,5315
B,5316,5316
B,5317,5317
B,5318,5318
B,5319,5319
B,5320,5320
B,5321,5321
B,5322,5322
B,5323,5323
B,5324,5324
B,5325,5325
B,5326,5326
B,5327,5327
B,5328,5328
B,5329,5329
B,5330,5330
B,5331,5331
B,5332,5332
B,5333,5333
B,5334,5334
B,5335,5335
B,5336,5336
B,5337,5337
B,5338,5338
B,5339,5339
B,5340,5340
B,5341,5341
B,5342,5342
B,5343,5343
B,5344,5344
B,5345,5345
B,5346,5346
B,5347,5347
B,5348,5348
B,5349,5349
B,5350,5350
B,5351,5351
B,5352,5352
B,5353,5353
B,5354,5354
B,5355,5355
B,5356,5356
B,5357,5357
B,5358,5358
B,5359,5359
B,5360,5360
B,5361,5361
B,5362,5362
B,5363,5363
B,5364,5364
B,5365,5365
B,5366,5366
B,5367,5367
B,5368,5368
B,5369,5369
B,5370,5370
B,5371,5371
B,5372,5372
B,5373,5373
B,5374,5374
B,5375,5375
B,5376,5376
B,5377,5377
B,5378,5378
B,5379,5379
B,5380,5380
B,5381,5381
B,5382,5382
B,5384,5384
B,5385,5385
B,5386,5386
B,5387,5387
B,5388,5388
B,5389,5389
B,5390,5390
B,5391,5391
B,5392,5392
B,5393,5393
B,5394,5394
B,5395,5395
B,5396,5396
B,5397,5397
B,5398,5398
B,5399,5399
B,5400,5400
B,5401,5401
B,5402,5402
B,5403,5403
X,5404,5404
X,5405,5405
X,5406,5406
X,5407,5407
X,5408,5408
X,5409,5409
X,5410,5410
X,5411,5411
X,5412,5412
X,5413,5413
X,5414,5414
C,5415,5415
C,5416,5416
C,5417,5417
C,5418,5418
C,5419,5419
C,5420,5420
C,5421,5421
C,5422,5422
C,5423,5423
X,5424,5424
X,5425,5425
X,5426,5426
C,5427,5427
C,5428,5428
C,5429,5429
C,5430,5430
C,5431,5431
C,5432,5432
C,5433,5433
C,5434,5434
C,5435,5435
C,5436,5436
C,5437,5437
X,5438,5438
X,5439,5439
X,5440,5440
X,5441,5441
X,5442,5442
X,5443,5443
X,5444,5444
C,5445,5445
C,5446,5446
C,5447,5447
C,5448,5448
C,5449,5449
C,5450,5450
C,5451,5451
C,5452,5452
C,5453,5453
C,5454,5454
C,5455,5455
C,5456,5456
C,5457,5457
C,5458,5458
C,5459,5459
C,5460,5460
C,5461,5461
C,5462,5462
C,5463,5463
C,5464,5464
C,5465,5465
C,5466,5466
C,5467,5467
C,5468,5468
C,5469,5469
C,5470,5470
C,5471,5471
C,5472,5472
C,5473,5473
C,5474,5474
C,5475,5475
C,5476,5476
C,5477,5477
C,5478,5478
C,5479,5479
C,5480,5480
C,5481,5481
C,5482,5482
C,5483,5483
C,5484,5484
C,5485,5485
C,5486,5486
C,5487,5487
C,5488,5488
C,5489,5489
C,5490,5490
C,5491,5491
C,5492,5492
C,5493,5493
C,5494,5494
C,5495,5495
C,5496,5496
C,5497,5497
C,5498,5498
C,5499,5499
C,5500,5500
C,5501,5501
C,5502,5502
C,5503,5503
C,5504,5504
C,5505,5505
C,5506,5506
C,5507,5507
X,5508,5508
X,5509,5509
X,5510,5510
X,5511,5511
X,5512,5512
X,5513,5513
X,5514,5514
X,5515,5515
X,5516,5516
X,5517,5517
X,5518,5518
X,5519,5519
X,5520,5520
X,5521,5521
X,5522,5522
X,5523,5523
X,5524,5524
X,5525,5525
X,5526,5526
X,5527,5527
C,5528,5528
C,5529,5529
C,5530,5530
C,5531,5531
C,5532,5532
C,5533,5533
C,5534,5534
C,5535,5535
C,5536,5536
C,5537,5537
C,5538,5538
C,5539,5539
C,5540,5540
C,5541,5541
C,5542,5542
C,5543,5543
C,5544,5544
C,5545,5545
C,5546,5546
C,5547,5547
C,5548,5548
C,5549,5549
C,5550,5550
C,5551,5551
C,5552,5552
C,5553,5553
C,5554,5554
C,5555,5555
C,5556,5556
C,5557,5557
C,5558,5558
C,5559,5559
C,5560,5560
C,5561,5561
C,5562,5562
C,5563,5563
C,5564,5564
X,5565,5565
X,5566,5566
X,5567,5567
X,5568,5568
X,5569,5569
X,5570,5570
X,5571,5571
X,5572,5572
X,5573,5573
X,5574,5574
X,5575,5575
X,5576,5576
X,5577,5577
X,5578,5578
J,5579,5579
J,5580,5580
J,5581,5581
J,5582,5582
J,5583,5583
J,5584,5584
J,5585,5585
J,5586,5586
J,5587,5587
J,5588,5588
J,5589,5589
J,5590,5590
J,5591,5591
J,5592,5592
J,5593,5593
J,5594,5594
J,5595,5595
J,5596,5596
J,5597,5597
J,5598,5598
J,5599,5599
J,5600,5600
J,5601,5601
D,5602,5602
D,5603,5603
D,5604,5604
D,5605,5605
D,5606,5606
D,5607,5607
D,5608,5608
D,5609,5609
D,5610,5610
D,5611,5611
D,5612,5612
D,5613,5613
D,5614,5614
J,5615,5615
J,5616,5616
J,5617,5617
J,5618,5618
J,5619,5619
J,5620,5620
J,5621,5621
J,5622,5622
J,5623,5623
J,5624,5624
J,5625,5625
J,5626,5626
J,5627,5627
D,5628,5628
D,5629,5629
D,5630,5630
D,5631,5631
D,5632,5632
D,5633,5633
D,5634,5634
D,5635,5635
D,5636,5636
D,5637,5637
D,5638,5638
D,5639,5639
D,5640,5640
D,5641,5641
D,5642,5642
D,5643,5643
D,5644,5644
D,5645,5645
D,5646,5646
D,5647,5647
D,5648,5648
J,5649,5649
J,5650,5650
J,5651,5651
J,5652,5652
J,5653,5653
J,5654,5654
J,5655,5655
J,5656,5656
J,5657,5657
J,5658,5658
J,5659,5659
J,5660,5660
J,5661,5661
J,5662,5662
J,5663,5663
J,5664,5664
J,5665,5665
D,5666,5666
D,5667,5667
D,5668,5668
D,5669,5669
D,5670,5670
D,5671,5671
D,5672,5672
D,5673,5673
D,5674,5674
D,5675,5675
D,5676,5676
D,5677,5677
D,5678,5678
D,5679,5679
D,5680,5680
D,5681,5681
D,5682,5682
D,5683,5683
J,5684,5684
J,5685,5685
J,5686,5686
J,5687,5687
J,5688,5688
J,5689,5689
J,5690,5690
J,5691,5691
J,5692,5692
J,5693,5693
J,5694,5694
J,5695,5695
J,5696,5696
J,5697,5697
J,5698,5698
J,5699,5699
J,5700,5700
J,5701,5701
J,5702,5702
J,5703,5703
J,5704,5704
J,5705,5705
J,5706,5706
J,5707,5707
J,5708,5708
J,5709,5709
J,5710,5710
J,5711,5711
J,5712,5712
D,5713,5713
D,5714,5714
D,5715,5715
D,5716,5716
D,5717,5717
D,5718,5718
D,5719,5719
D,5720,5720
D,5721,5721
D,5722,5722
D,5723,5723
D,5724,5724
D,5725,5725
D,5726,5726
D,5727,5727
D,5728,5728
D,5729,5729
D,5730,5730
D,5731,5731
D,5732,5732
D,5733,5733
D,5734,5734
D,5735,5735
D,5736,5736
D,5737,5737
D,5738,5738
D,5739,5739
D,5740,5740
D,5741,5741
D,5742,5742
D,5743,5743
D,5744,5744
D,5745,5745
D,5746,5746
D,5747,5747
D,5748,5748
D,5749,5749
D,5750,5750
D,5751,5751
D,5752,5752
D,5753,5753
D,5754,5754
D,5755,5755
D,5756,5756
D,5757,5757
D,5758,5758
D,5759,5759
D,5760,5760
D,5761,5761
D,5762,5762
D,5763,5763
D,5764,5764
D,5765,5765
D,5766,5766
D,5767,5767
D,5768,5768
D,5769,5769
D,5770,5770
J,5771,5771
J,5772,5772
J,5773,5773
J,5774,5774
J,5775,5775
J,5776,5776
J,5777,5777
J,5778,5778
J,5779,5779
J,5780,5780
J,5781,5781
D,5782,5782
D,5783,5783
D,5784,5784
D,5785,5785
D,5786,5786
D,5787,5787
D,5788,5788
D,5789,5789
D,5790,5790
D,5791,5791
D,5792,5792
D,5793,5793
J,5794,5794
J,5795,5795
J,5796,5796
J,5797,5797
J,5798,5798
J,5799,5799
J,5800,5800
J,5801,5801
J,5802,5802
D,5803,5803
D,5804,5804
D,5805,5805
D,5806,5806
J,5807,5807
J,5808,5808
J,5809,5809
J,5810,5810
J,5811,5811
J,5812,5812
J,5813,5813
J,5814,5814
J,5815,5815
J,5816,5816
G,5817,5817
G,5818,5818
G,5819,5819
G,5820,5820
G,5821,5821
G,5822,5822
G,5823,5823
G,5824,5824
G,5825,5825
G,5826,5826
G,5827,5827
G,5828,5828
G,5829,5829
G,5830,5830
G,5831,5831
G,5832,5832
G,5833,5833
G,5834,5834
G,5835,5835
G,5836,5836
G,5837,5837
G,5838,5838
G,5839,5839
G,5840,5840
G,5841,5841
G,5842,5842
G,5843,5843
G,5844,5844
G,5845,5845
G,5846,5846
G,5847,5847
G,5848,5848
G,5849,5849
G,5850,5850
G,5851,5851
G,5852,5852
G,5853,5853
G,5854,5854
G,5855,5855
G,5856,5856
G,5857,5857
G,5858,5858
G,5859,5859
G,5860,5860
G,5861,5861
G,5862,5862
G,5863,5863
G,5864,5864
G,5865,5865
G,5866,5866
G,5867,5867
G,5868,5868
G,5869,5869
G,5870,5870
G,5871,5871
G,5872,5872
G,5873,5873
G,5874,5874
G,5875,5875
G,5876,5876
G,5877,5877
G,5878,5878
G,5879,5879
G,5880,5880
G,5881,5881
G,5882,5882
G,5883,5883
G,5884,5884
G,5885,5885
G,5886,5886
G,5887,5887
G,5888,5888
G,5889,5889
G,5890,5890
G,5891,5891
G,5892,5892
G,5893,5893
G,5894,5894
G,5895,5895
G,5896,5896
G,5897,5897
G,5898,5898
G,5899,5899
G,5900,5900
G,5901,5901
G,5902,5902
G,5903,5903
G,5904,5904
G,5905,5905
G,5906,5906
G,5907,5907
G,5908,5908
G,5909,5909
G,5910,5910
G,5911,5911
G,5912,5912
G,5913,5913
G,5914,5914
G,5915,5915
G,5916,5916
G,5917,5917
G,5918,5918
G,5919,5919
G,5920,5920
G,5921,5921
G,5922,5922
G,5923,5923
G,5924,5924
G,5925,5925
G,5926,5926
G,5927,5927
G,5928,5928
G,5929,5929
G,5930,5930
G,5931,5931
G,5932,5932
G,5933,5933
G,5934,5934
G,5935,5935
G,5936,5936
G,5937,5937
G,5938,5938
G,5939,5939
G,5940,5940
G,5941,5941
G,5942,5942
G,5943,5943
G,5944,5944
G,5945,5945
G,5946,5946
G,5947,5947
G,5948,5948
G,5949,5949
G,5950,5950
G,5951,5951
G,5952,5952
G,5953,5953
G,5954,5954
G,5955,5955
G,5956,5956
G,5957,5957
G,5958,5958
G,5959,5959
G,5960,5960
G,5961,5961
G,5962,5962
G,5963,5963
G,5964,5964
G,5965,5965
G,5966,5966
G,5967,5967
G,5968,5968
G,5969,5969
G,5970,5970
G,5971,5971
G,5972,5972
G,5973,5973
G,5974,5974
G,5975,5975
G,5976,5976
G,5977,5977
G,5978,5978
G,5979,5979
G,5980,5980
G,5981,5981
G,5982,5982
G,5983,5983
G,5984,5984
G,5985,5985
G,5986,5986
G,5987,5987
G,5988,5988
G,5989,5989
G,5990,5990
G,5991,5991
G,5992,5992
G,5993,5993
G,5994,5994
G,5995,5995
G,5996,5996
G,5997,5997
G,5998,5998
G,5999,5999
G,6000,6000
G,6001,6001
G,6002,6002
G,6003,6003
G,6004,6004
G,6005,6005
G,6006,6006
G,6007,6007
G,6008,6008
G,6009,6009
G,6010,6010
G,6011,6011
G,6012,6012
G,6013,6013
G,6014,6014
G,6015,6015
G,6016,6016
G,6017,6017
G,6018,6018
G,6019,6019
G,6020,6020
G,6021,6021
G,6022,6022
G,6023,6023
G,6024,6024
G,6025,6025
G,6026,6026
G,6027,6027
G,6028,6028
G,6029,6029
G,6030,6030
G,6031,6031
G,6032,6032
G,6033,6033
G,6034,6034
G,6035,6035
G,6036,6036
G,6037,6037
G,6038,6038
G,6039,6039
G,6040,6040
G,6041,6041
G,6042,6042
G,6043,6043
G,6044,6044
G,6045,6045
G,6046,6046
G,6047,6047
G,6048,6048
G,6049,6049
G,6050,6050
G,6051,6051
G,6052,6052
G,6053,6053
G,6054,6054
G,6055,6055
G,6056,6056
G,6057,6057
G,6058,6058
G,6059,6059
G,6060,6060
G,6061,6061
G,6062,6062
G,6063,6063
G,6064,6064
G,6065,6065
G,6066,6066
G,6067,6067
G,6068,6068
G,6069,6069
G,6070,6070
G,6071,6071
G,6072,6072
G,6073,6073
G,6074,6074
G,6075,6075
G,6076,6076
G,6077,6077
G,6078,6078
G,6079,6079
G,6080,6080
G,6081,6081
G,6082,6082
G,6083,6083
G,6084,6084
G,6085,6085
G,6086,6086
G,6087,6087
G,6088,6088
G,6089,6089
G,6090,6090
G,6091,6091
G,6092,6092
G,6093,6093
G,6094,6094
G,6095,6095
G,6096,6096
G,6097,6097
G,6098,6098
G,6099,6099
G,6100,6100
G,6101,6101
K,6102,6102
K,6103,6103
K,6104,6104
K,6105,6105
K,6106,6106
K,6107,6107
K,6108,6108
R,6109,6109
R,6110,6110
R,6111,6111
R,6112,6112
R,6113,6113
R,6114,6114
R,6115,6115
R,6116,6116
R,6117,6117
R,6118,6118
R,6119,6119
R,6120,6120
R,6121,6121
R,6122,6122
R,6123,6123
R,6124,6124
R,6125,6125
R,6126,6126
R,6127,6127
R,6128,6128
R,6129,6129
R,6130,6130
R,6131,6131
R,6132,6132
R,6133,6133
R,6134,6134
R,6135,6135
R,6136,6136
R,6137,6137
R,6138,6138
R,6139,6139
R,6140,6140
R,6141,6141
R,6142,6142
R,6143,6143
R,6145,6145
R,6146,6146
R,6147,6147
R,6148,6148
R,6149,6149
R,6150,6150
R,6151,6151
R,6152,6152
R,6153,6153
R,6154,6154
R,6155,6155
R,6156,6156
R,6157,6157
R,6158,6158
R,6159,6159
R,6160,6160
R,6161,6161
R,6162,6162
R,6163,6163
R,6164,6164
R,6165,6165
R,6166,6166
R,6167,6167
R,6168,6168
R,6169,6169
R,6170,6170
R,6171,6171
R,6172,6172
R,6173,6173
R,6174,6174
R,6175,6175
R,6176,6176
K,6177,6177
K,6178,6178
K,6179,6179
K,6180,6180
K,6181,6181
K,6182,6182
K,6183,6183
K,6184,6184
K,6185,6185
K,6186,6186
G,6187,6187
K,6188,6188
K,6189,6189
K,6190,6190
K,6191,6191
K,6192,6192
R,6193,6193
R,6194,6194
R,6195,6195
R,6196,6196
R,6197,6197
R,6198,6198
R,6199,6199
R,6200,6200
R,6201,6201
R,6202,6202
R,6203,6203
R,6204,6204
K,6205,6205
K,6206,6206
K,6207,6207
K,6208,6208
K,6209,6209
K,6210,6210
K,6211,6211
R,6212,6212
R,6213,6213
R,6214,6214
R,6215,6215
R,6216,6216
R,6217,6217
R,6218,6218
R,6219,6219
R,6220,6220
R,6221,6221
R,6222,6222
R,6223,6223
R,6224,6224
R,6225,6225
R,6226,6226
R,6227,6227
R,6228,6228
R,6229,6229
R,6230,6230
R,6231,6231
R,6232,6232
R,6233,6233
R,6234,6234
R,6235,6235
R,6236,6236
R,6237,6237
R,6238,6238
R,6239,6239
K,6240,6240
K,6241,6241
K,6242,6242
K,6243,6243
K,6244,6244
K,6245,6245
K,6246,6246
K,6247,6247
K,6248,6248
K,6249,6249
K,6250,6250
K,6251,6251
R,6252,6252
R,6253,6253
R,6254,6254
R,6255,6255
R,6256,6256
R,6257,6257
R,6258,6258
R,6259,6259
R,6260,6260
R,6261,6261
R,6262,6262
R,6263,6263
R,6264,6264
R,6265,6265
R,6266,6266
R,6267,6267
R,6268,6268
R,6269,6269
R,6270,6270
R,6271,6271
R,6272,6272
R,6273,6273
R,6274,6274
R,6275,6275
R,6276,6276
R,6277,6277
R,6278,6278
R,6279,6279
R,6280,6280
R,6281,6281
R,6282,6282
R,6283,6283
R,6284,6284
R,6285,6285
K,6286,6286
K,6287,6287
K,6288,6288
K,6289,6289
K,6290,6290
K,6291,6291
K,6292,6292
K,6293,6293
K,6294,6294
K,6295,6295
K,6296,6296
K,6297,6297
K,6298,6298
K,6299,6299
K,6300,6300
K,6301,6301
K,6302,6302
K,6303,6303
K,6304,6304
K,6305,6305
K,6306,6306
K,6307,6307
K,6308,6308
K,6309,6309
K,6310,6310
K,6311,6311
K,6312,6312
K,6313,6313
K,6314,6314
K,6315,6315
K,6316,6316
K,6317,6317
R,6318,6318
R,6319,6319
R,6320,6320
R,6321,6321
R,6322,6322
R,6323,6323
R,6324,6324
R,6325,6325
R,6326,6326
R,6327,6327
R,6328,6328
R,6329,6329
R,6330,6330
R,6331,6331
R,6332,6332
R,6333,6333
R,6334,6334
R,6335,6335
R,6336,6336
R,6337,6337
R,6338,6338
R,6339,6339
R,6340,6340
R,6341,6341
R,6342,6342
R,6343,6343
R,6344,6344
R,6345,6345
R,6346,6346
R,6347,6347
R,6348,6348
R,6349,6349
R,6350,6350
R,6351,6351
R,6352,6352
R,6353,6353
R,6354,6354
R,6355,6355
R,6356,6356
R,6357,6357
R,6358,6358
R,6359,6359
R,6360,6360
R,6361,6361
R,6362,6362
R,6363,6363
R,6364,6364
R,6365,6365
R,6366,6366
R,6367,6367
R,6368,6368
R,6369,6369
R,6370,6370
R,6371,6371
R,6372,6372
R,6373,6373
R,6374,6374
R,6375,6375
R,6376,6376
R,6377,6377
R,6378,6378
R,6379,6379
R,6380,6380
R,6381,6381
R,6382,6382
R,6383,6383
R,6384,6384
R,6385,6385
R,6386,6386
R,6387,6387
R,6388,6388
R,6389,6389
R,6390,6390
R,6391,6391
R,6392,6392
R,6393,6393
R,6394,6394
R,6395,6395
R,6396,6396
R,6397,6397
R,6398,6398
R,6399,6399
R,6400,6400
R,6401,6401
R,6402,6402
R,6403,6403
R,6404,6404
K,6405,6405
K,6406,6406
K,6407,6407
K,6408,6408
K,6409,6409
K,6410,6410
R,6411,6411
R,6412,6412
R,6413,6413
R,6414,6414
R,6415,6415
R,6416,6416
R,6417,6417
R,6418,6418
R,6419,6419
R,6420,6420
R,6421,6421
R,6422,6422
R,6423,6423
R,6424,6424
R,6425,6425
R,6426,6426
R,6427,6427
R,6428,6428
R,6429,6429
R,6430,6430
R,6431,6431
R,6432,6432
R,6433,6433
R,6434,6434
R,6435,6435
R,6436,6436
R,6437,6437
R,6438,6438
R,6439,6439
R,6440,6440
R,6441,6441
R,6442,6442
R,6443,6443
R,6444,6444
R,6445,6445
R,6446,6446
R,6447,6447
R,6448,6448
R,6449,6449
R,6450,6450
R,6451,6451
R,6452,6452
R,6453,6453
R,6454,6454
R,6455,6455
R,6456,6456
R,6457,6457
R,6458,6458
R,6459,6459
R,6460,6460
R,6461,6461
R,6462,6462
R,6463,6463
K,6464,6464
K,6465,6465
K,6466,6466
K,6467,6467
K,6468,6468
K,6469,6469
K,6470,6470
R,6471,6471
R,6472,6472
R,6473,6473
R,6474,6474
R,6475,6475
R,6476,6476
R,6477,6477
R,6478,6478
R,6479,6479
R,6480,6480
R,6481,6481
R,6482,6482
R,6483,6483
R,6484,6484
R,6485,6485
R,6486,6486
R,6487,6487
R,6488,6488
R,6489,6489
R,6490,6490
R,6491,6491
R,6492,6492
R,6493,6493
R,6494,6494
R,6495,6495
R,6496,6496
R,6497,6497
R,6498,6498
R,6499,6499
R,6500,6500
R,6501,6501
R,6502,6502
R,6503,6503
R,6504,6504
R,6505,6505
R,6506,6506
R,6507,6507
R,6508,6508
R,6509,6509
R,6510,6510
R,6511,6511
R,6512,6512
R,6513,6513
R,6514,6514
R,6515,6515
R,6516,6516
R,6517,6517
R,6518,6518
R,6519,6519
R,6520,6520
R,6521,6521
R,6522,6522
R,6523,6523
R,6524,6524
K,6525,6525
K,6526,6526
K,6527,6527
K,6528,6528
R,6529,6529
R,6530,6530
R,6531,6531
R,6532,6532
R,6533,6533
R,6534,6534
R,6535,6535
R,6536,6536
R,6537,6537
R,6538,6538
R,6539,6539
R,6540,6540
K,6541,6541
K,6542,6542
K,6543,6543
K,6544,6544
K,6545,6545
K,6546,6546
K,6547,6547
K,6548,6548
K,6549,6549
R,6550,6550
R,6551,6551
R,6552,6552
R,6553,6553
R,6554,6554
R,6555,6555
R,6556,6556
R,6557,6557
R,6558,6558
R,6559,6559
R,6560,6560
R,6561,6561
K,6562,6562
K,6563,6563
K,6564,6564
K,6565,6565
K,6566,6566
K,6567,6567
K,6568,6568
K,6569,6569
K,6570,6570
K,6571,6571
K,6572,6572
K,6573,6573
K,6574,6574
K,6575,6575
K,6576,6576
K,6577,6577
K,6578,6578
K,6579,6579
K,6580,6580
R,6581,6581
R,6582,6582
R,6583,6583
R,6584,6584
R,6585,6585
R,6586,6586
R,6587,6587
R,6588,6588
R,6589,6589
R,6590,6590
R,6591,6591
R,6592,6592
R,6593,6593
R,6594,6594
R,6595,6595
R,6596,6596
R,6597,6597
R,6598,6598
H,6599,6599
H,6600,6600
H,6601,6601
H,6602,6602
H,6603,6603
H,6604,6604
H,6605,6605
H,6606,6606
H,6607,6607
H,6608,6608
H,6609,6609
H,6610,6610
H,6611,6611
H,6612,6612
H,6613,6613
H,6614,6614
H,6615,6615
H,6616,6616
H,6617,6617
H,6618,6618
H,6619,6619
H,6620,6620
H,6621,6621
H,6622,6622
H,6623,6623
H,6624,6624
H,6625,6625
H,6626,6626
H,6627,6627
H,6628,6628
H,6629,6629
H,6630,6630
H,6631,6631
H,6632,6632
H,6633,6633
H,6634,6634
H,6635,6635
H,6636,6636
H,6637,6637
H,6638,6638
H,6639,6639
H,6640,6640
H,6641,6641
H,6642,6642
H,6643,6643
H,6644,6644
H,6645,6645
H,6646,6646
H,6647,6647
H,6648,6648
H,6649,6649
H,6650,6650
H,6651,6651
H,6652,6652
H,6653,6653
H,6654,6654
H,6655,6655
H,6656,6656
H,6657,6657
H,6658,6658
H,6659,6659
H,6660,6660
H,6661,6661
H,6662,6662
H,6663,6663
H,6664,6664
H,6665,6665
H,6666,6666
H,6667,6667
H,6668,6668
H,6669,6669
H,6670,6670
H,6671,6671
H,6672,6672
H,6673,6673
H,6674,6674
H,6675,6675
H,6676,6676
H,6677,6677
H,6678,6678
H,6679,6679
H,6680,6680
H,6681,6681
H,6682,6682
H,6683,6683
H,6684,6684
H,6685,6685
H,6686,6686
H,6687,6687
H,6688,6688
H,6689,6689
H,6690,6690
H,6691,6691
H,6692,6692
H,6693,6693
H,6694,6694
H,6695,6695
H,6696,6696
H,6697,6697
H,6698,6698
H,6699,6699
H,6700,6700
H,6701,6701
H,6702,6702
H,6703,6703
H,6704,6704
H,6705,6705
H,6706,6706
H,6707,6707
H,6708,6708
H,6709,6709
H,6710,6710
H,6711,6711
H,6712,6712
H,6713,6713
H,6714,6714
H,6715,6715
H,6716,6716
H,6717,6717
H,6718,6718
H,6719,6719
H,6720,6720
H,6721,6721
H,6722,6722
H,6723,6723
H,6724,6724
H,6725,6725
H,6726,6726
H,6727,6727
H,6728,6728
H,6729,6729
H,6730,6730
H,6731,6731
H,6732,6732
H,6733,6733
H,6734,6734
H,6735,6735
H,6736,6736
H,6737,6737
H,6738,6738
H,6739,6739
H,6740,6740
H,6741,6741
H,6742,6742
H,6743,6743
H,6744,6744
H,6745,6745
H,6746,6746
H,6747,6747
H,6748,6748
H,6749,6749
H,6750,6750
H,6751,6751
H,6752,6752
H,6753,6753
H,6754,6754
H,6755,6755
H,6756,6756
H,6757,6757
H,6758,6758
H,6759,6759
H,6760,6760
H,6761,6761
H,6762,6762
H,6763,6763
H,6764,6764
H,6765,6765
H,6766,6766
H,6767,6767
H,6768,6768
H,6769,6769
H,6770,6770
H,6771,6771
H,6772,6772
H,6773,6773
H,6774,6774
H,6775,6775
H,6776,6776
H,6777,6777
H,6778,6778
H,6779,6779
H,6780,6780
H,6781,6781
H,6782,6782
H,6783,6783
H,6784,6784
H,6785,6785
H,6786,6786
H,6787,6787
H,6788,6788
H,6789,6789
H,6790,6790
H,6791,6791
H,6792,6792
H,6793,6793
H,6794,6794
H,6795,6795
H,6796,6796
H,6797,6797
H,6798,6798
H,6799,6799
H,6800,6800
H,6801,6801
H,6802,6802
H,6803,6803
H,6804,6804
H,6805,6805
H,6806,6806
H,6807,6807
H,6808,6808
H,6809,6809
H,6810,6810
H,6811,6811
H,6812,6812
H,6813,6813
H,6814,6814
H,6815,6815
H,6816,6816
H,6817,6817
H,6818,6818
H,6819,6819
H,6820,6820
H,6821,6821
H,6822,6822
H,6823,6823
H,6824,6824
H,6825,6825
H,6826,6826
H,6827,6827
H,6828,6828
H,6829,6829
H,6830,6830
H,6831,6831
H,6832,6832
H,6833,6833
H,6834,6834
H,6835,6835
H,6836,6836
H,6837,6837
H,6838,6838
H,6839,6839
H,6840,6840
H,6841,6841
H,6842,6842
H,6843,6843
H,6844,6844
H,6845,6845
H,6846,6846
H,6847,6847
H,6848,6848
H,6849,6849
H,6850,6850
H,6851,6851
H,6852,6852
H,6853,6853
H,6854,6854
H,6855,6855
H,6856,6856
H,6857,6857
H,6858,6858
H,6859,6859
H,6860,6860
H,6861,6861
H,6862,6862
H,6863,6863
H,6864,6864
H,6865,6865
H,6866,6866
H,6867,6867
H,6868,6868
H,6869,6869
H,6870,6870
H,6871,6871
H,6872,6872
H,6873,6873
H,6874,6874
H,6875,6875
H,6876,6876
H,6877,6877
H,6878,6878
H,6879,6879
H,6880,6880
H,6881,6881
H,6882,6882
H,6883,6883
H,6884,6884
H,6885,6885
H,6886,6886
H,6887,6887
H,6888,6888
H,6889,6889
H,6890,6890
H,6891,6891
H,6892,6892
H,6893,6893
H,6894,6894
H,6895,6895
H,6896,6896
H,6897,6897
H,6898,6898
H,6899,6899
H,6900,6900
H,6901,6901
H,6902,6902
H,6903,6903
H,6904,6904
H,6905,6905
H,6906,6906
H,6907,6907
H,6908,6908
H,6909,6909
H,6910,6910
H,6911,6911
H,6912,6912
H,6913,6913
H,6914,6914
H,6915,6915
H,6916,6916
H,6917,6917
H,6918,6918
H,6919,6919
H,6920,6920
H,6921,6921
H,6922,6922
H,6923,6923
H,6924,6924
H,6925,6925
H,6926,6926
H,6927,6927
H,6928,6928
H,6929,6929
H,6930,6930
H,6931,6931
H,6932,6932
H,6933,6933
H,6934,6934
H,6935,6935
H,6936,6936
H,6937,6937
H,6938,6938
H,6939,6939
H,6940,6940
H,6941,6941
H,6942,6942
H,6943,6943
H,6944,6944
H,6945,6945
H,6946,6946
H,6947,6947
H,6948,6948
H,6949,6949
H,6950,6950
H,6951,6951
H,6952,6952
H,6953,6953
H,6954,6954
H,6955,6955
H,6956,6956
H,6957,6957
H,6958,6958
H,6959,6959
H,6960,6960
H,6961,6961
H,6962,6962
H,6963,6963
H,6964,6964
H,6965,6965
H,6966,6966
H,6967,6967
H,6968,6968
H,6969,6969
H,6970,6970
H,6971,6971
H,6972,6972
H,6973,6973
H,6974,6974
H,6975,6975
H,6976,6976
H,6977,6977
H,6978,6978
H,6979,6979
H,6980,6980
H,6981,6981
H,6982,6982
H,6983,6983
H,6984,6984
H,6985,6985
H,6986,6986
H,6987,6987
H,6988,6988
H,6989,6989
H,6990,6990
H,6991,6991
H,6992,6992
H,6993,6993
H,6994,6994
H,6995,6995
H,6996,6996
H,6997,6997
H,6998,6998
H,6999,6999
H,7000,7000
H,7001,7001
K,7002,7002
K,7003,7003
K,7004,7004
K,7005,7005
F,7006,7006
X,7007,7007
X,7008,7008
X,7009,7009
X,7010,7010
X,7011,7011
X,7012,7012
X,7013,7013
X,7014,7014
L,7015,7015
P,7016,7016
D,7017,7017
B,7018,7018
F,7019,7019
F,7020,7020
F,7021,7021
F,7022,7022
F,7023,7023
F,7024,7024
N,7025,7025
N,7026,7026
N,7027,7027
N,7028,7028
I,7029,7029
A,7030,7030
A,7031,7031
A,7032,7032
B,7033,7033
B,7034,7034
B,7035,7035
B,7036,7036
B,7037,7037
B,7038,7038
B,7039,7039
B,7040,7040
D,7041,7041
D,7042,7042
D,7043,7043
D,7044,7044
D,7045,7045
D,7046,7046
D,7047,7047
D,7048,7048
D,7049,7049
D,7050,7050
D,7051,7051
D,7052,7052
D,7053,7053
D,7054,7054
J,7055,7055
J,7056,7056
G,7057,7057
G,7058,7058
G,7059,7059
G,7060,7060
H,7061,7061
L,7062,7062
L,7063,7063
L,7064,7064
L,7065,7065
M,7066,7066
M,7067,7067
M,7068,7068
P,7069,7069
P,7070,7070
N,7071,7071
P,7072,7072
P,7073,7073
O,7074,7074
O,7075,7075
P,7076,7076
P,7077,7077
P,7078,7078
G,7079,7079
D,7080,7080
E,7081,7081
I,7082,7082
I,7083,7083
E,7084,7084
E,7085,7085
I,7086,7086
Q,7087,7087
I,7088,7088
Q,7089,7089
N,7090,7090
G,7091,7091
R,7092,7092
K,7093,7093
K,7094,7094
K,7095,7095
R,7096,7096
K,7097,7097
A,7098,7098
A,7099,7099
J,7100,7100
D,7101,7101
D,7102,7102
D,7103,7103
D,7104,7104
D,7105,7105
D,7106,7106
D,7107,7107
D,7108,7108
E,7109,7109
E,7110,7110
Q,7111,7111
Q,7112,7112
Q,7113,7113
Q,7114,7114
Q,7115,7115
Q,7116,7116
G,7117,7117
G,7118,7118
G,7119,7119
G,7120,7120
G,7121,7121
Q,7122,7122
K,7123,7123
K,7124,7124
L,7125,7125
L,7126,7126
L,7127,7127
L,7128,7128
L,7129,7129
M,7130,7130
N,7131,7131
N,7132,7132
P,7133,7133
P,7134,7134
P,7135,7135
P,7136,7136
O,7137,7137
Q,7138,7138
D,7139,7139
D,7140,7140
D,7141,7141
D,7142,7142
E,7143,7143
Q,7144,7144
G,7145,7145
L,7146,7146
R,7147,7147
K,7148,7148
K,7149,7149
L,7150,7150
L,7151,7151
L,7152,7152
L,7153,7153
L,7154,7154
M,7155,7155
M,7156,7156
M,7157,7157
P,7158,7158
A,7159,7159
A,7160,7160
L,7161,7161
M,7162,7162
L,7163,7163
Q,7164,7164
Q,7165,7165
P,7167,7167
O,7169,7169
O,7170,7170
O,7171,7171
B,7172,7172
B,7173,7173
X,7174,7174
X,7175,7175
X,7176,7176
D,7177,7177
D,7178,7178
K,7179,7179
K,7180,7180
P,7181,7181
P,7182,7182
P,7183,7183
R,7184,7184
R,7185,7185
D,7186,7186
X,7187,7187
X,7188,7188
L,7189,7189
M,7190,7190
M,7191,7191
I,7192,7192
I,7193,7193
Q,7194,7194
Q,7195,7195
D,7196,7196
I,7197,7197
J,7198,7198
Q,7199,7199
I,7200,7200
I,7201,7201
I,7202,7202
L,7203,7203
I,7204,7204
I,7205,7205
K,7206,7206
Q,7207,7207
I,7208,7208
E,7209,7209
E,7210,7210
Q,7211,7211
I,7212,7212
Q,7213,7213
M,7214,7214
Q,7215,7215
B,7216,7216
D,7217,7217
C,7218,7218
D,7219,7219
M,7220,7220
N,7221,7221
I,7222,7222
I,7223,7223
X,7224,7224
R,7225,7225
G,7226,7226
M,7227,7227
I,7228,7228
I,7229,7229
L,7230,7230
L,7231,7231
Q,7232,7232
B,7233,7233
B,7234,7234
Q,7235,7235
F,7236,7236
B,7237,7237
Q,7238,7238
Q,7239,7239
X,7240,7240
C,7241,7241
R,7242,7242
R,7243,7243
L,7244,7244
L,7245,7245
D,7246,7246
O,7247,7247
L,7248,7248
X,7249,7249
C,7250,7250
C,7251,7251
H,7252,7252
I,7253,7253
I,7254,7254
I,7255,7255
I,7256,7256
I,7257,7257
I,7258,7258
R,7259,7259
L,7260,7260
L,7261,7261
B,7262,7262
J,7263,7263
J,7264,7264
J,7265,7265
L,7266,7266
L,7267,7267
Q,7268,7268
P,7269,7269
L,7270,7270
L,7271,7271
L,7272,7272
X,7273,7273
I,7274,7274
X,7275,7275
A,7276,7276
A,7277,7277
A,7278,7278
A,7279,7279
M,7280,7280
Q,7281,7281
E,7282,7282
M,7283,7283
L,7284,7284
M,7285,7285
R,7286,7286
L,7287,7287
D,7288,7288
D,7289,7289
P,7290,7290
P,7291,7291
I,7292,7292
L,7293,7293
L,7294,7294
P,7295,7295
H,7296,7296
N,7297,7297
H,7298,7298
L,7299,7299
L,7300,7300
L,7301,7301
R,7302,7302
R,7303,7303
L,7304,7304
A,7305,7305
X,7306,7306
H,7307,7307
R,7308,7308
R,7309,7309
K,7310,7310
Q,7311,7311
L,7312,7312
I,7313,7313
I,7314,7314
P,7315,7315
I,7316,7316
I,7317,7317
I,7318,7318
I,7319,7319
I,7320,7320
B,7321,7321
B,7322,7322
B,7323,7323
B,7324,7324
B,7325,7325
B,7326,7326
H,7327,7327
F,7328,7328
F,7329,7329
F,7330,7330
A,7331,7331
A,7332,7332
A,7333,7333
C,7334,7334
J,7335,7335
N,7336,7336
L,7337,7337
D,7338,7338
D,7339,7339
H,7340,7340
N,7341,7341
N,7342,7342
N,7343,7343
E,7344,7344
J,7345,7345
X,7346,7346
X,7347,7347
G,7348,7348
Q,7349,7349
M,7350,7350
X,7351,7351
K,7352,7352
R,7353,7353
B,7354,7354
G,7355,7355
L,7356,7356
L,7357,7357
R,7358,7358
R,7359,7359
D,7360,7360
M,7361,7361
G,7362,7362
G,7363,7363
N,7364,7364
N,7365,7365
N,7366,7366
I,7367,7367
I,7368,7368
Q,7369,7369
Q,7370,7370
Q,7371,7371
K,7372,7372
H,7373,7373
H,7374,7374
I,7375,7375
J,7376,7376
J,7377,7377
J,7378,7378
L,7379,7379
L,7380,7380
L,7381,7381
C,7382,7382
C,7383,7383
C,7384,7384
L,7385,7385
Q,7386,7386
Q,7387,7387
N,7388,7388
J,7389,7389
E,7390,7390
N,7391,7391
P,7392,7392
P,7393,7393
P,7394,7394
P,7395,7395
M,7396,7396
B,7397,7397
X,7398,7398
X,7399,7399
X,7400,7400
Q,7401,7401
Q,7402,7402
M,7403,7403
O,7404,7404
Q,7405,7405
X,7406,7406
X,7407,7407
X,7408,7408
X,7409,7409
X,7410,7410
Q,7411,7411
D,7412,7412
B,7413,7413
K,7414,7414
K,7415,7415
K,7416,7416
K,7417,7417
K,7418,7418
K,7419,7419
R,7420,7420
X,7421,7421
C,7422,7422
Q,7423,7423
Q,7424,7424
Q,7425,7425
R,7426,7426
E,7427,7427
X,7428,7428
X,7429,7429
X,7430,7430
F,7431,7431
D,7432,7432
F,7433,7433
N,7434,7434
N,7435,7435
E,7436,7436
R,7437,7437
B,7438,7438
B,7439,7439
B,7440,7440
B,7441,7441
P,7442,7442
L,7443,7443
A,7444,7444
A,7445,7445
H,7446,7446
R,7447,7447
H,7448,7448
H,7449,7449
L,7450,7450
H,7451,7451
P,7452,7452
H,7453,7453
D,7454,7454
I,7455,7455
N,7456,7456
H,7457,7457
F,7458,7458
L,7459,7459
L,7460,7460
D,7461,7461
D,7462,7462
F,7463,7463
H,7464,7464
P,7465,7465
P,7466,7466
P,7467,7467
P,7468,7468
P,7469,7469
G,7470,7470
F,7471,7471
H,7472,7472
H,7473,7473
X,7474,7474
A,7475,7475
H,7476,7476
H,7477,7477
J,7478,7478
J,7479,7479
R,7480,7480
C,7481,7481
C,7482,7482
C,7483,7483
G,7484,7484
M,7485,7485
Q,7486,7486
Q,7487,7487
J,7488,7488
J,7489,7489
P,7490,7490
P,7491,7491
P,7492,7492
X,7493,7493
X,7494,7494
P,7495,7495
M,7496,7496
P,7497,7497
D,7498,7498
D,7499,7499
G,7500,7500
G,7501,7501
G,7502,7502
J,7503,7503
E,7504,7504
E,7505,7505
N,7506,7506
N,7507,7507
N,7508,7508
F,7509,7509
Q,7510,7510
Q,7511,7511
R,7512,7512
R,7513,7513
R,7514,7514
P,7515,7515
O,7516,7516
O,7517,7517
X,7518,7518
P,7519,7519
D,7520,7520
L,7521,7521
R,7522,7522
R,7523,7523
R,7524,7524
R,7525,7525
R,7526,7526
D,7527,7527
G,7528,7528
N,7529,7529
M,7530,7530
L,7531,7531
O,7532,7532
O,7533,7533
X,7534,7534
X,7535,7535
X,7536,7536
O,7537,7537
P,7538,7538
P,7539,7539
O,7540,7540
G,7541,7541
J,7542,7542
O,7543,7543
F,7544,7544
Q,7545,7545
C,7546,7546
C,7547,7547
R,7548,7548
R,7549,7549
M,7550,7550
X,7551,7551
L,7575,7575
N,7576,7576
N,7577,7577
L,7578,7578
L,7579,7579
F,7580,7580
L,7581,7581
O,7582,7582
O,7583,7583
O,7584,7584
P,7585,7585
G,7586,7586
G,7587,7587
G,7588,7588
P,7589,7589
O,7590,7590
N,7591,7591
Q,7592,7592
Q,7593,7593
K,7594,7594
K,7595,7595
K,7596,7596
J,7597,7597
M,7598,7598
L,7599,7599
L,7600,7600
L,7601,7601
L,7602,7602
L,7603,7603
I,7604,7604
J,7605,7605
D,7606,7606
D,7607,7607
D,7608,7608
X,7609,7609
K,7610,7610
K,7611,7611
K,7612,7612
F,7613,7613
K,7614,7614
K,7615,7615
K,7616,7616
I,7617,7617
J,7618,7618
M,7619,7619
Q,7620,7620
Q,7621,7621
B,7622,7622
E,7623,7623
O,7624,7624
Q,7625,7625
Q,7626,7626
M,7627,7627
M,7628,7628
M,7629,7629
X,7630,7630
B,7631,7631
B,7632,7632
B,7633,7633
B,7634,7634
B,7635,7635
I,7636,7636
F,7637,7637
E,7638,7638
E,7639,7639
E,7640,7640
P,7641,7641
Q,7642,7642
Q,7643,7643
M,7644,7644
I,7645,7645
X,7646,7646
K,7647,7647
I,7648,7648
I,7649,7649
A,7650,7650
C,7651,7651
C,7652,7652
C,7653,7653
C,7654,7654
X,7655,7655
J,7656,7656
X,7657,7657
X,7658,7658
X,7659,7659
X,7660,7660
X,7661,7661
X,7662,7662
D,7663,7663
I,7664,7664
Q,7665,7665
Q,7666,7666
R,7667,7667
R,7668,7668
R,7669,7669
M,7670,7670
D,7671,7671
H,7672,7672
H,7673,7673
H,7674,7674
H,7675,7675
L,7676,7676
M,7677,7677
M,7678,7678
N,7679,7679
N,7680,7680
G,7681,7681
M,7682,7682
G,7683,7683
G,7684,7684
G,7685,7685
N,7686,7686
L,7687,7687
K,7688,7688
K,7689,7689
D,7690,7690
D,7691,7691
B,7692,7692
B,7693,7693
Q,7694,7694
P,7695,7695
P,7696,7696
P,7697,7697
P,7698,7698
P,7699,7699
P,7700,7700
O,7701,7701
J,7702,7702
J,7703,7703
J,7704,7704
J,7705,7705
J,7706,7706
J,7707,7707
L,7708,7708
J,7709,7709
K,7710,7710
H,7711,7711
H,7712,7712
Q,7713,7713
B,7714,7714
L,7715,7715
I,7716,7716
X,7717,7717
Q,7718,7718
Q,7719,7719
Q,7720,7720
Q,7721,7721
J,7722,7722
J,7723,7723
J,7724,7724
J,7725,7725
L,7726,7726
L,7727,7727
L,7728,7728
P,7729,7729
X,7730,7730
L,7731,7731
F,7732,7732
F,7733,7733
N,7734,7734
N,7735,7735
P,7736,7736
N,7737,7737
D,7738,7738
D,7739,7739
E,7740,7740
E,7741,7741
Q,7742,7742
I,7743,7743
F,7744,7744
P,7745,7745
R,7746,7746
R,7747,7747
R,7748,7748
R,7749,7749
R,7750,7750
D,7751,7751
D,7752,7752
Q,7753,7753
L,7754,7754
X,7755,7755
X,7756,7756
X,7757,7757
X,7758,7758
X,7759,7759
O,7760,7760
N,7761,7761
N,7762,7762
F,7763,7763
C,7764,7764
C,7765,7765
C,7766,7766
D,7767,7767
J,7768,7768
J,7769,7769
D,7770,7770
D,7771,7771
O,7772,7772
A,7773,7773
X,7774,7774
F,7775,7775
L,7776,7776
A,7777,7777
F,7778,7778
F,7779,7779
F,7780,7780
F,7781,7781
F,7782,7782
L,7783,7783
L,7784,7784
D,7785,7785
D,7786,7786
K,7787,7787
L,7788,7788
L,7789,7789
L,7790,7790
M,7791,7791
M,7792,7792
Q,7793,7793
M,7794,7794
B,7795,7795
B,7796,7796
B,7797,7797
B,7798,7798
B,7799,7799
O,7800,7800
Q,7801,7801
E,7802,7802
A,7803,7803
E,7804,7804
N,7805,7805
N,7806,7806
Q,7807,7807
N,7808,7808
H,7809,7809
H,7810,7810
N,7811,7811
Q,7812,7812
Q,7813,7813
Q,7814,7814
N,7815,7815
O,7816,7816
F,7817,7817
O,7818,7818
Q,7819,7819
F,7820,7820
G,7821,7821
G,7822,7822
B,7823,7823
B,7824,7824
B,7825,7825
B,7826,7826
B,7827,7827
B,7828,7828
B,7829,7829
M,7830,7830
C,7831,7831
C,7832,7832
X,7833,7833
J,7834,7834
K,7835,7835
M,7836,7836
P,7837,7837
P,7838,7838
P,7839,7839
O,7840,7840
O,7841,7841
X,7842,7842
H,7843,7843
X,7844,7844
H,7845,7845
I,7846,7846
I,7847,7847
M,7848,7848
F,7849,7849
D,7850,7850
F,7851,7851
C,7852,7852
Q,7853,7853
H,7854,7854
K,7855,7855
K,7856,7856
J,7857,7857
R,7858,7858
Q,7859,7859
M,7860,7860
M,7861,7861
M,7862,7862
P,7863,7863
R,7864,7864
R,7865,7865
R,7866,7866
R,7867,7867
R,7868,7868
R,7869,7869
R,7870,7870
R,7871,7871
R,7872,7872
C,7873,7873
C,7874,7874
X,7875,7875
F,7876,7876
F,7877,7877
G,7878,7878
K,7879,7879
J,7880,7880
M,7881,7881
M,7882,7882
L,7883,7883
L,7884,7884
O,7885,7885
M,7886,7886
I,7887,7887
I,7888,7888
D,7889,7889
L,7890,7890
L,7891,7891
L,7892,7892
L,7893,7893
L,7894,7894
L,7895,7895
L,7896,7896
L,7897,7897
L,7898,7898
L,7899,7899
L,7900,7900
L,7901,7901
D,7902,7902
L,7903,7903
L,7904,7904
L,7905,7905
M,7906,7906
I,7907,7907
I,7908,7908
I,7909,7909
I,7910,7910
N,7911,7911
P,7912,7912
P,7913,7913
B,7914,7914
D,7915,7915
D,7916,7916
X,7917,7917
A,7918,7918
C,7919,7919
F,7920,7920
F,7921,7921
F,7922,7922
R,7923,7923
R,7924,7924
R,7925,7925
R,7926,7926
R,7927,7927
R,7928,7928
R,7929,7929
R,7930,7930
R,7931,7931
M,7932,7932
M,7933,7933
M,7934,7934
M,7935,7935
L,7936,7936
L,7937,7937
N,7938,7938
N,7939,7939
N,7940,7940
O,7941,7941
O,7942,7942
O,7943,7943
O,7944,7944
L,7945,7945
F,7946,7946
L,7947,7947
L,7948,7948
M,7949,7949
M,7950,7950
I,7951,7951
Q,7952,7952
Q,7953,7953
Q,7954,7954
Q,7955,7955
Q,7956,7956
Q,7957,7957
P,7958,7958
P,7959,7959
P,7960,7960
P,7961,7961
P,7962,7962
P,7963,7963
P,7964,7964
P,7965,7965
R,7966,7966
R,7967,7967
R,7968,7968
N,7969,7969
N,7970,7970
B,7971,7971
B,7972,7972
C,7973,7973
J,7974,7974
D,7975,7975
J,7976,7976
X,7977,7977
X,7978,7978
X,7979,7979
G,7980,7980
G,7981,7981
G,7982,7982
G,7983,7983
K,7984,7984
K,7985,7985
G,7986,7986
K,7987,7987
H,7988,7988
H,7989,7989
H,7990,7990
H,7991,7991
A,7992,7992
F,7993,7993
F,7994,7994
L,7995,7995
L,7996,7996
L,7997,7997
L,7998,7998
L,7999,7999
L,8000,8000
L,8001,8001
L,8002,8002
L,8003,8003
M,8004,8004
M,8005,8005
M,8006,8006
M,8007,8007
M,8008,8008
Q,8009,8009
I,8010,8010
I,8011,8011
I,8012,8012
I,8013,8013
I,8014,8014
I,8015,8015
I,8016,8016
I,8017,8017
H,8018,8018
Q,8019,8019
Q,8020,8020
Q,8021,8021
P,8022,8022
P,8023,8023
P,8024,8024
P,8025,8025
P,8026,8026
P,8027,8027
P,8028,8028
P,8029,8029
P,8030,8030
P,8031,8031
R,8032,8032
R,8033,8033
N,8034,8034
N,8035,8035
N,8036,8036
N,8037,8037
N,8038,8038
B,8039,8039
B,8040,8040
B,8041,8041
B,8042,8042
B,8043,8043
B,8044,8044
B,8045,8045
C,8046,8046
C,8047,8047
C,8048,8048
C,8049,8049
C,8050,8050
J,8051,8051
D,8052,8052
J,8053,8053
J,8054,8054
J,8055,8055
D,8056,8056
D,8057,8057
D,8058,8058
D,8059,8059
D,8060,8060
D,8061,8061
D,8062,8062
J,8063,8063
J,8064,8064
J,8065,8065
J,8066,8066
X,8067,8067
X,8068,8068
X,8069,8069
X,8070,8070
G,8071,8071
G,8072,8072
G,8073,8073
K,8074,8074
H,8075,8075
Q,8076,8076
F,8077,8077
L,8078,8078
L,8079,8079
Q,8080,8080
Q,8081,8081
O,8082,8082
J,8083,8083
J,8084,8084
R,8085,8085
R,8086,8086
N,8087,8087
X,8088,8088
X,8089,8089
X,8090,8090
X,8091,8091
X,8092,8092
H,8093,8093
F,8094,8094
F,8095,8095
M,8096,8096
M,8097,8097
M,8098,8098
D,8099,8099
D,8100,8100
M,8101,8101
O,8102,8102
J,8103,8103
P,8104,8104
P,8105,8105
P,8106,8106
P,8107,8107
R,8108,8108
R,8109,8109
R,8110,8110
R,8111,8111
R,8112,8112
R,8113,8113
R,8114,8114
R,8115,8115
R,8116,8116
X,8117,8117
X,8118,8118
X,8119,8119
X,8120,8120
X,8121,8121
G,8122,8122
K,8123,8123
K,8124,8124
H,8125,8125
A,8126,8126
A,8127,8127
A,8128,8128
M,8129,8129
M,8130,8130
Q,8131,8131
Q,8132,8132
O,8133,8133
J,8134,8134
J,8135,8135
J,8136,8136
J,8137,8137
J,8138,8138
J,8139,8139
J,8140,8140
J,8141,8141
J,8142,8142
P,8143,8143
D,8144,8144
R,8145,8145
R,8146,8146
N,8147,8147
B,8148,8148
D,8149,8149
D,8150,8150
D,8151,8151
D,8152,8152
D,8153,8153
D,8154,8154
X,8155,8155
X,8156,8156
X,8157,8157
X,8158,8158
G,8159,8159
G,8160,8160
Q,8161,8161
D,8162,8162
J,8163,8163
L,8164,8164
Q,8165,8165
Q,8166,8166
Q,8167,8167
Q,8168,8168
O,8169,8169
O,8170,8170
P,8171,8171
B,8172,8172
C,8173,8173
G,8174,8174
G,8175,8175
G,8176,8176
K,8177,8177
H,8178,8178
H,8179,8179
H,8180,8180
M,8181,8181
O,8182,8182
M,8183,8183
M,8184,8184
V,8889,8889
V,8890,8890
H,9500,9500
F,9501,9501
F,9504,9504
S,9811,9811
V,9820,9820
V,9822,9822
V,9823,9823
V,9824,9824
V,9825,9825
F,9826,9826
F,9827,9827
K,9828,9828
K,9829,9829
H,9830,9830
B,9831,9831
P,9832,9832
G,9833,9833
M,9834,9834
L,9835,9835
R,9836,9836
X,9837,9837
D,9838,9838
F,9839,9839
K,9840,9840
C,9841,9841
B,9842,9842
V,9843,9843
V,9844,9844
V,9845,9845
V,9846,9846
V,9847,9847
H,9848,9848
B,9849,9849
V,9850,9850
G,9851,9851
V,9852,9852
V,9853,9853
V,9854,9854
V,9855,9855
V,9856,9856
V,9858,9858
V,9859,9859
V,9860,9860
V,9861,9861
V,9862,9862
V,9863,9863
V,9864,9864
V,9865,9865
V,9866,9866
V,9867,9867
V,9868,9868
V,9869,9869
V,9870,9870
V,9871,9871
V,9872,9872
V,9873,9873
V,9874,9874
V,9875,9875
V,9876,9876
V,9877,9877
V,9878,9878
V,9879,9879
V,9880,9880
V,9881,9881
V,9882,9882
V,9883,9883
V,9884,9884
V,9885,9885
V,9886,9886
V,9887,9887
V,9888,9888
V,9889,9889
V,9890,9890
V,9891,9891
V,9892,9892
V,9893,9893
A,9894,9894
V,9895,9895
V,9896,9896
V,9897,9897
V,9898,9898
V,9899,9899
L,9900,9900
V,9901,9901
V,9902,9902
V,9903,9903
V,9904,9904
V,9905,9905
V,9906,9906
V,9907,9907
V,9908,9908
V,9909,9909
V,9910,9910
V,9911,9911
V,9912,9912
V,9913,9913
V,9914,9914
V,9915,9915
V,9916,9916
V,9917,9917
V,9918,9918
V,9919,9919
V,9920,9920
V,9921,9921
V,9922,9922
V,9923,9923
V,9924,9924
V,9925,9925
V,9926,9926
V,9927,9927
V,9928,9928
V,9929,9929
V,9930,9930
V,9931,9931
V,9932,9932
V,9933,9933
V,9934,9934
V,9935,9935
V,9936,9936
V,9937,9937
V,9938,9938
V,9939,9939
V,9940,9940
V,9941,9941
V,9942,9942
V,9943,9943
V,9944,9944
V,9945,9945
V,9946,9946
V,9947,9947
V,9948,9948
V,9949,9949
V,9950,9950
V,9951,9951
V,9952,9952
V,9953,9953
V,9954,9954
V,9955,9955
V,9956,9956
V,9957,9957
V,9995,9995